Record_ID,Annee,Categorie,Infraction_Affaire_traitee,Infraction_normalisee,Saisine_Plaintes_directes,Saisine_FD,Saisine_ST,Saisine_Autres,Victimes_H,Victimes_F,Victimes_G,Victimes_F_fille,MiseEnCause_Neutralises,MiseEnCause_Interpelles,Resultats_En_cours,Resultats_Retraits,Resultats_DAT,Resultats_DEF,Total_saisines,Total_victimes,Total_resultats,Volume_activite,Taux_DEF_sur_saisines,Facteur_annualisation,Plaintes_directes_annualisees,Infraction_non_renseignee,Observations_Objets_saisis,Cluster,PCA_1,PCA_2,Score_anomalie,Anomalie_ML,Raisons_anomalie,Anomalie_regle,Est_anomalie,Niveau_anomalie
INF-25E824897EAE,2024,I. C/ ÉTAT,Vol de téléphone,vol de telephone,37,0,0,0,21,13,0,0,0,0,27,0,0,1,37,34,28,71,0.027,1.0,37,False,,1,-0.3164203128354161,-0.486674990434394,-0.236403,False,,False,False,Normale
INF-A6623BF22925,2024,II. CRIMINALITÉ ET ACTES DE BANDITISME,Association de malfaiteurs,association de malfaiteurs,23,0,0,0,21,2,0,0,4,40,0,0,0,20,23,23,20,90,0.8696,1.0,23,False,03 H MD,2,0.353062806318984,2.2369626705669474,-0.217863,False,,False,False,Normale
INF-16B3D2A43ADD,2024,II. CRIMINALITÉ ET ACTES DE BANDITISME,Vol  avec violence,vol avec violence,107,0,7,2,36,7,2,0,0,23,53,0,0,16,116,45,69,184,0.1379,1.0,107,False,,0,1.2739028642502466,-0.5626630950327921,-0.213794,False,,False,False,Normale
INF-01435D287354,2024,II. CRIMINALITÉ ET ACTES DE BANDITISME,Vol à main armée,vol a main armee,21,0,0,0,17,0,0,0,19,13,19,0,0,1,21,17,20,70,0.0476,1.0,21,False,,2,0.4256726529040155,3.9607910019137984,-0.153391,False,MiseEnCause_Neutralises: valeur extrêmement élevée,True,True,Faible
INF-2B989CE098D4,2024,III. INFRACTIONS COURANTES,Violation de domicile,violation de domicile,27,1,5,3,25,16,0,0,0,123,4,10,5,5,36,41,24,200,0.1389,1.0,27,False,,0,0.5601979258021454,-0.3299955785972599,-0.211312,False,,False,False,Normale
INF-D06D1416E546,2024,III. INFRACTIONS COURANTES,Résistance à l’exécution des décisions des juridictions,resistance a l'execution des decisions des juridictions,1,0,27,0,17,17,0,0,0,8,13,0,1,14,28,34,28,70,0.5,1.0,1,False,,0,0.3921197459644473,-0.3728328803414392,-0.211769,False,,False,False,Normale
INF-E8A90542761F,2024,III. INFRACTIONS COURANTES,Injures,injures,1,0,0,0,1,0,0,0,0,0,1,0,0,0,1,1,1,2,0.0,1.0,1,False,,1,-2.286852692631283,-0.064287830632178,-0.250067,False,,False,False,Normale
INF-E52F1F6997F2,2024,III. INFRACTIONS COURANTES,Usurpation,usurpation,14,0,0,4,6,0,0,0,0,1,8,4,5,1,18,6,18,25,0.0556,1.0,14,False,,1,-0.9111909413833712,-0.3166352591671538,-0.22859,False,,False,False,Normale
INF-EE2FFB1F6882,2024,III. INFRACTIONS COURANTES,Menace verbal de mort,menace verbal de mort,7,0,23,0,16,14,0,0,0,0,6,0,4,20,30,30,30,60,0.6667,1.0,7,False,,1,-0.1390969476035961,-0.2950043588813907,-0.215529,False,,False,False,Normale
INF-0060A25EE5CE,2024,III. INFRACTIONS COURANTES,Menace sans condition,menace sans condition,496,0,21,0,167,83,0,0,0,126,285,54,35,28,517,250,402,893,0.0542,1.0,496,False,,0,2.776597812105725,-0.8138582394330715,-0.10295,False,,False,False,Normale
INF-0236BE022D1A,2024,III. INFRACTIONS COURANTES,Diffamation publique,diffamation publique,5,0,3,0,4,7,0,0,0,1,5,0,2,5,8,11,12,20,0.625,1.0,5,False,,1,-0.7872528348846368,-0.2342568674560357,-0.243018,False,,False,False,Normale
INF-649FF3B60BEC,2024,III. INFRACTIONS COURANTES,Coups et blessures volontaires,coups et blessures volontaires,867,1,122,0,383,216,0,0,0,92,347,867,1,122,990,599,1337,1681,0.1232,1.0,867,False,"02 H LP- 01 F MD, 02 F LP",0,3.417441496562867,-0.8465539662638079,0.041037,True,Resultats_Retraits: valeur extrêmement élevée,True,True,Faible
INF-AFC0021C9160,2024,III. INFRACTIONS COURANTES,Tentative de vol,tentative de vol,74,0,2,13,62,11,0,0,0,39,25,25,10,5,89,73,65,201,0.0562,1.0,74,False,01 H MD,0,1.0079093377228256,-0.5257677484677823,-0.185437,False,,False,False,Normale
INF-5EC7F3CB7F05,2024,III. INFRACTIONS COURANTES,Vol simple,vol simple,5223,86,62,343,2121,1153,101,78,0,1164,2232,3946,224,199,5714,3453,6601,10331,0.0348,1.0,5223,False,03 H MD – 11 LP 06H -05F,0,5.192546769040167,-1.1324597486519048,0.253304,True,Saisine_Plaintes_directes: valeur extrêmement élevée; Saisine_Autres: valeur extrêmement élevée; Resultats_En_cours: valeur extrêmement élevée; Resultats_Retraits: valeur extrêmement élevée,True,True,Élevée
INF-77440948B762,2024,III. INFRACTIONS COURANTES,Vol avec effraction,vol avec effraction,776,0,4,0,108,27,0,0,0,163,273,776,0,4,780,135,1053,1078,0.0051,1.0,776,False,"12 H MD, 01H LP",0,2.360577222243274,-0.8565719620922818,-0.007904,False,,False,False,Normale
INF-68D6C60CA568,2024,III. INFRACTIONS COURANTES,Vol au préjudice de l’employeur,vol au prejudice de l'employeur,11,0,2,0,11,2,0,0,0,25,8,0,1,5,13,13,14,51,0.3846,1.0,11,False,,1,-0.0534346387071317,-0.3037711638526064,-0.241519,False,,False,False,Normale
INF-5FE5E3F2BAD4,2024,III. INFRACTIONS COURANTES,Vol à la tire,vol a la tire,160,22,0,0,74,21,0,0,0,26,92,160,22,0,182,95,274,303,0.0,1.0,160,False,"07 H MD, 02H LP",0,0.9937990977824784,-0.7189161205075294,-0.152745,False,,False,False,Normale
INF-0EEA0C6662A0,2024,III. INFRACTIONS COURANTES,Vol de bovidé,vol de bovide,1,0,0,0,1,0,0,0,0,0,0,0,0,1,1,1,1,2,1.0,1.0,1,False,,1,-2.278848462241025,0.0136780596239615,-0.249967,False,,False,False,Normale
INF-C016F6C5FFF9,2024,III. INFRACTIONS COURANTES,VBG,vbg,0,0,1,0,0,1,0,0,0,0,1,0,0,0,1,1,1,2,0.0,1.0,0,False,,1,-2.286852692631283,-0.064287830632178,-0.249418,False,,False,False,Normale
INF-F5E4C609DF4F,2024,III. INFRACTIONS COURANTES,Vol à l’esbroufe,vol a l'esbroufe,11,2,0,0,0,0,0,0,0,5,6,11,2,0,13,0,19,18,0.0,1.0,11,False,,1,-1.3773262289646828,-0.2518158207370113,-0.23716,False,,False,False,Normale
INF-2428AC77CA57,2024,III. INFRACTIONS COURANTES,VAE,vae,259,0,0,56,136,24,3,0,0,117,85,12,23,13,315,163,133,595,0.0413,1.0,259,False,,0,2.125718202105188,-0.6920179518477021,-0.094389,False,,False,False,Normale
INF-ADFEFC5E4720,2024,III. INFRACTIONS COURANTES,VVF,vvf,16,0,12,9,8,0,0,0,0,1,2,3,4,11,37,8,20,46,0.2973,1.0,16,False,,1,-0.5365186042207046,-0.2140005554406112,-0.200507,False,,False,False,Normale
INF-C5CCB4DEB536,2024,III. INFRACTIONS COURANTES,VPE,vpe,11,0,0,0,4,1,0,0,0,1,0,5,0,2,11,5,7,17,0.1818,1.0,11,False,,1,-1.4395287681172515,-0.0882671943421,-0.246475,False,,False,False,Normale
INF-1B8DE1EFE3B2,2024,III. INFRACTIONS COURANTES,CBV,cbv,306,0,28,57,208,46,0,0,0,69,89,58,51,54,391,254,252,714,0.1381,1.0,306,False,,0,2.491972381569942,-0.6818667624634582,-0.075718,False,,False,False,Normale
INF-9CC68BFECB3A,2024,III. INFRACTIONS COURANTES,Menace,menace,10,0,0,0,6,0,0,0,0,0,0,4,0,1,10,6,5,16,0.1,1.0,10,False,,1,-1.6620606426398583,-0.0954731524494649,-0.247527,False,,False,False,Normale
INF-7077BE4E51E6,2024,III. INFRACTIONS COURANTES,Outrages,outrages,1,0,0,1,0,0,0,0,0,6,2,0,0,2,2,0,4,8,1.0,1.0,1,False,,1,-1.599990013145853,-0.0813933833990426,-0.244451,False,,False,False,Normale
INF-9078DEF85F7F,2024,III. INFRACTIONS COURANTES,Escroquerie,escroquerie,1282,3,159,7,531,381,0,0,0,908,632,132,59,182,1451,912,1005,3271,0.1254,1.0,1282,False,"04 H MD, 02 H LP, 03 F MD, 01 F LP",0,4.273963127554526,-0.926443412045939,0.056065,True,Resultats_En_cours: valeur extrêmement élevée,True,True,Moyenne
INF-7524C438D382,2024,III. INFRACTIONS COURANTES,ECSP,ecsp,7,0,67,0,65,13,0,0,0,147,0,0,67,1,74,78,68,299,0.0135,1.0,7,False,,0,0.2504482948151562,-0.2635061315229894,-0.126755,False,,False,False,Normale
INF-7F91E8F9AB89,2024,III. INFRACTIONS COURANTES,Faux et usage de faux,faux et usage de faux,3,0,17,0,15,9,0,0,0,60,11,0,2,9,20,24,22,104,0.45,1.0,3,False,,0,0.5099226649297087,-0.3532026474905476,-0.220699,False,,False,False,Normale
INF-0CBA9264728E,2024,III. INFRACTIONS COURANTES,Acte de concurrence déloyale,acte de concurrence deloyale,1,0,0,0,1,0,0,0,0,0,0,0,0,1,1,1,1,2,1.0,1.0,1,False,,1,-2.278848462241025,0.0136780596239615,-0.249967,False,,False,False,Normale
INF-01EFAEEA1182,2024,III. INFRACTIONS COURANTES,Corruption et abus de fonction,corruption et abus de fonction,0,0,1,0,1,0,0,0,0,0,1,0,0,0,1,1,1,2,0.0,1.0,0,False,,1,-2.286852692631283,-0.064287830632178,-0.249418,False,,False,False,Normale
INF-4FBF45361455,2024,III. INFRACTIONS COURANTES,Abus de confiance,abus de confiance,1357,5,411,10,735,404,0,0,0,542,621,20,112,375,1783,1139,1128,3464,0.2103,1.0,1357,False,"01 H MD, 03 H LP, 02 F LP",0,4.426120470027821,-0.9204391784914224,0.107101,True,Saisine_ST: valeur extrêmement élevée,True,True,Moyenne
INF-A156386D1CEF,2024,III. INFRACTIONS COURANTES,Destructions de biens d’autrui,destructions de biens d'autrui,143,0,22,4,78,39,0,0,0,43,49,0,21,37,169,117,107,329,0.2189,1.0,143,False,01 H MD,0,1.8430465384797168,-0.579707678572245,-0.183094,False,,False,False,Normale
INF-D9FD4A452B2F,2024,III. INFRACTIONS COURANTES,Détournement de gages,detournement de gages,1,0,0,0,1,0,0,0,0,2,0,0,0,1,1,1,1,4,1.0,1.0,1,False,,1,-2.0571323896088543,0.0094665772562345,-0.250009,False,,False,False,Normale
INF-31B4AE339C03,2024,III. INFRACTIONS COURANTES,Confiscation  des biens,confiscation des biens,1,0,0,0,1,0,0,0,0,0,1,0,0,0,1,1,1,2,0.0,1.0,1,False,,1,-2.286852692631283,-0.064287830632178,-0.250067,False,,False,False,Normale
INF-6E317813D190,2024,III. INFRACTIONS COURANTES,Destruction de clôtures,destruction de clotures,0,0,3,0,3,0,0,0,0,0,0,0,0,3,3,3,3,6,1.0,1.0,0,False,,1,-1.8254862177980609,-0.0185882213735093,-0.245233,False,,False,False,Normale
INF-358722C3BC0A,2024,III. INFRACTIONS COURANTES,Harcèlement moral,harcelement moral,0,0,1,0,1,0,0,0,0,0,1,0,0,0,1,1,1,2,0.0,1.0,0,False,,1,-2.286852692631283,-0.064287830632178,-0.249418,False,,False,False,Normale
INF-2D31FE5057B7,2024,III. INFRACTIONS COURANTES,"Incendie criminel, volontaire",incendie criminel volontaire,8,0,0,2,2,4,0,0,0,6,1,0,1,0,10,6,2,22,0.0,1.0,8,False,,1,-1.2773516652917625,-0.1808986045241445,-0.242357,False,,False,False,Normale
INF-1CE8014C7865,2024,III. INFRACTIONS COURANTES,Abattages d’arbres,abattages d'arbres,1,0,9,0,10,0,0,0,0,0,2,0,0,8,10,10,10,20,0.8,1.0,1,False,,1,-0.9633277201839908,-0.1674541294821222,-0.237561,False,,False,False,Normale
INF-63C0660619DD,2024,V. LUTTE C/ LES STUPÉFIANTS ET SUBSTANCES PSYCHOTROPES,Consommation,consommation,73,129,0,42,20,0,0,0,0,237,3,0,6,144,244,20,153,501,0.5902,1.0,73,False,02H MD,0,1.6508605255741615,-0.3031442133357803,-0.073755,False,,False,False,Normale
INF-3C05FD7B41FE,2024,V. LUTTE C/ LES STUPÉFIANTS ET SUBSTANCES PSYCHOTROPES,Vente,vente,6,2,0,0,0,0,0,0,2,6,0,0,0,4,8,0,4,16,0.5,1.0,6,False,,1,-1.2991529200024006,1.5867856621608023,-0.234728,False,,False,False,Normale
INF-761388CECEE9,2024,VI. ACCIDENTS DE LA CIRCULATION,Accident corporel,accident corporel,335,339,45,0,439,98,69,19,77,133,325,99,86,134,719,625,644,1554,0.1864,1.0,335,False,,2,4.2222221252305285,5.552226294540106,0.121951,True,MiseEnCause_Neutralises: valeur extrêmement élevée,True,True,Élevée
INF-4C4C8CC4F457,2024,VI. ACCIDENTS DE LA CIRCULATION,Accident matériel,accident materiel,46,0,0,3,42,1,0,0,0,0,2,18,4,0,49,43,24,92,0.0,1.0,46,False,,1,-0.8805970829899467,-0.3247530070286402,-0.225703,False,,False,False,Normale
INF-213CB2C26526,2024,VI. ACCIDENTS DE LA CIRCULATION,Accident mortel,accident mortel,14,1,0,0,11,1,0,0,0,6,2,3,3,5,15,12,13,33,0.3333,1.0,14,False,,1,-0.5537126096648785,-0.2059705918100137,-0.242214,False,,False,False,Normale
INF-5011E60D93DE,2024,VI. ACCIDENTS DE LA CIRCULATION,Délit de fuite,delit de fuite,2,0,2,0,2,0,0,0,0,0,3,2,0,1,4,2,6,6,0.25,1.0,2,False,,1,-1.689598927772458,-0.1604012318532654,-0.244359,False,,False,False,Normale
INF-6B24570F212C,2024,VI. ACCIDENTS DE LA CIRCULATION,Conduite en état d’ivresse,conduite en etat d'ivresse,5,0,0,0,0,0,0,0,0,1,1,4,0,0,5,0,5,6,0.0,1.0,5,False,,1,-2.0597985482383114,-0.0988164415300836,-0.247045,False,,False,False,Normale
INF-A842938A377F,2024,VI. ACCIDENTS DE LA CIRCULATION,CSP Itaosy,csp itaosy,9,0,1,0,6,4,0,0,5,4,2,0,0,6,10,10,8,29,0.6,1.0,9,False,,2,-0.3765883027130553,2.4436542901278107,-0.2228,False,,False,False,Normale
INF-629AA96B20F1,2025,I. C/ ÉTAT,Infraction non renseignée,infraction non renseignee,0,0,0,2,0,0,0,0,0,2,0,0,0,2,2,0,2,4,1.0,1.0,0,True,,1,-2.019138674878866,0.0187588916962562,-0.242721,False,Libellé d'infraction non renseigné,True,True,Élevée
INF-C40FF5A05AA5,2025,II. CRIMINALITÉ ET ACTES DE BANDITISME,Vol Avec Violence,vol avec violence,19,9,0,0,21,8,0,0,16,72,0,0,0,62,28,29,62,145,2.2143,1.0,19,False,,2,1.0358349886199427,4.038920835246623,-0.153971,False,,False,False,Normale
INF-55165AF63857,2025,II. CRIMINALITÉ ET ACTES DE BANDITISME,Vol Avec Arme Blanche,vol avec arme blanche,53,13,5,0,35,37,0,0,17,99,0,2,7,77,71,72,86,259,1.0845,1.0,53,False,,2,1.5350353929798723,4.062695610859428,-0.1268,False,,False,False,Normale
INF-046BB831B21A,2025,II. CRIMINALITÉ ET ACTES DE BANDITISME,Association Malfaiteur,association malfaiteur,91,82,23,0,98,75,11,29,2,716,3,75,299,405,196,213,782,1127,2.0663,1.0,91,False,,0,2.7494187704929467,1.2764739562946188,5.9e-05,True,Resultats_DEF: valeur extrêmement élevée,True,True,Faible
INF-D59864DF2048,2025,II. CRIMINALITÉ ET ACTES DE BANDITISME,Menace avec arme à feu,menace avec arme a feu,1,0,0,0,1,0,0,0,0,0,0,0,0,1,1,1,1,2,1.0,1.0,1,False,,1,-2.278848462241025,0.0136780596239615,-0.249967,False,,False,False,Normale
INF-3DE59928FCF6,2025,II. CRIMINALITÉ ET ACTES DE BANDITISME,Violation de sépulture et vol d’ossement humain,violation de sepulture et vol d'ossement humain,2,0,0,0,0,0,0,0,0,0,2,0,0,0,2,0,2,2,0.0,1.0,2,False,,1,-2.2535411525267284,-0.100602638327339,-0.248867,False,,False,False,Normale
INF-96C4B4755AC7,2025,II. CRIMINALITÉ ET ACTES DE BANDITISME,Vol à main armée,vol a main armee,18,2,0,2,13,6,0,0,0,6,7,0,0,4,22,19,11,47,0.1818,1.0,18,False,,1,-0.2102149904198477,-0.3243546844991026,-0.236947,False,,False,False,Normale
INF-2C9A16603C99,2025,II. CRIMINALITÉ ET ACTES DE BANDITISME,Meurtre,meurtre,2,1,0,0,2,1,0,0,0,0,0,0,0,2,3,3,2,6,0.6667,1.0,2,False,,1,-1.893789110022149,-0.0255717045829206,-0.247466,False,,False,False,Normale
INF-32D87BD675C3,2025,III. INFRACTIONS COURANTES,Vol avec effraction,vol avec effraction,1296,91,70,34,502,465,12,0,1,396,62,43,109,239,1491,979,453,2867,0.1603,1.0,1296,False,,0,3.794741441790936,0.2986531740678626,-0.000679,False,,False,False,Normale
INF-C40471D4EC12,2025,III. INFRACTIONS COURANTES,Vol à la tire,vol a la tire,779,206,12,13,204,403,49,50,1,603,33,85,151,323,1010,706,592,2320,0.3198,1.0,779,False,,0,3.662179141467168,0.3846899915272397,0.008255,True,,False,True,Faible
INF-0406076CD296,2025,III. INFRACTIONS COURANTES,Vol à l’esbroufe,vol a l'esbroufe,51,20,0,2,16,22,11,3,0,54,1,0,4,49,73,52,54,179,0.6712,1.0,51,False,,0,0.8861169428482499,-0.2318726505737607,-0.216522,False,,False,False,Normale
INF-D626732B6BA5,2025,III. INFRACTIONS COURANTES,Vol simple,vol simple,6111,389,153,44,1979,1930,244,273,0,1775,404,274,549,773,6697,4426,2000,12898,0.1154,1.0,6111,False,,0,5.2979469600780025,-0.9641743373090896,0.231045,True,Saisine_Plaintes_directes: valeur extrêmement élevée; Saisine_FD: valeur extrêmement élevée; Total_victimes: valeur extrêmement élevée; MiseEnCause_Interpelles: valeur extrêmement élevée; Resultats_DAT: valeur extrêmement élevée; Resultats_DEF: valeur extrêmement élevée,True,True,Élevée
INF-7D4DC5931C11,2025,III. INFRACTIONS COURANTES,Vol moto,vol moto,119,21,8,0,60,27,0,0,0,59,10,0,8,46,148,87,64,294,0.3108,1.0,119,False,,0,1.5257667973789388,-0.428702559771607,-0.208709,False,,False,False,Normale
INF-862387822BF2,2025,III. INFRACTIONS COURANTES,VVF,vvf,131,7,29,0,58,747,0,0,0,69,7,10,33,45,167,805,95,1041,0.2695,1.0,131,False,,0,1.9630582240074816,-0.4639322449276171,-0.136572,False,,False,False,Normale
INF-75E26B361FF7,2025,III. INFRACTIONS COURANTES,Vol au préjudice de son employeur,vol au prejudice de son employeur,37,0,10,0,31,16,0,0,0,0,20,0,0,29,47,47,49,94,0.617,1.0,37,False,,0,0.3758982220374302,-0.4142161148058486,-0.220671,False,,False,False,Normale
INF-7F338587EFDA,2025,III. INFRACTIONS COURANTES,Destruction de bien d’autrui,destruction de bien d'autrui,100,36,3,0,97,32,1,1,0,80,4,30,21,29,139,131,84,350,0.2086,1.0,100,False,,0,1.3724277919444667,-0.3787848389139716,-0.197129,False,,False,False,Normale
INF-6255084EA78F,2025,III. INFRACTIONS COURANTES,VBG,vbg,4,0,1,0,1,4,0,0,0,0,5,0,0,0,5,5,5,10,0.0,1.0,4,False,,1,-1.580976940962096,-0.2390016884422233,-0.246896,False,,False,False,Normale
INF-9EC56D5EA164,2025,III. INFRACTIONS COURANTES,Violation de domicile,violation de domicile,39,16,3,0,19,26,0,0,0,67,2,28,1,14,58,45,45,170,0.2414,1.0,39,False,,0,0.6578425333678505,-0.2838091290991951,-0.216907,False,,False,False,Normale
INF-69E3A786B522,2025,III. INFRACTIONS COURANTES,Tentative de vol,tentative de vol,34,0,0,0,26,22,0,0,0,11,5,0,4,8,34,48,17,93,0.2353,1.0,34,False,,0,0.2465550074803678,-0.3287233921270482,-0.238485,False,,False,False,Normale
INF-D6B331807BC3,2025,III. INFRACTIONS COURANTES,Outrage et diffamation publique,outrage et diffamation publique,52,12,4,0,35,20,0,0,0,72,9,17,18,15,68,55,59,195,0.2206,1.0,52,False,,0,1.0329691519962476,-0.400830304339677,-0.21569,False,,False,False,Normale
INF-AA5165B959E3,2025,III. INFRACTIONS COURANTES,Jet d’immondice,jet d'immondice,2,0,0,0,2,0,0,0,0,0,0,0,0,2,2,2,2,4,1.0,1.0,2,False,,1,-2.0136485499991124,-0.0051965047972905,-0.24954,False,,False,False,Normale
INF-0894C53B1960,2025,III. INFRACTIONS COURANTES,Menace,menace,459,6,57,4,241,205,12,0,0,165,59,42,59,152,526,458,312,1149,0.289,1.0,459,False,,0,3.0012201844933104,-0.6530191493413249,-0.109675,False,,False,False,Normale
INF-F973198E13E9,2025,III. INFRACTIONS COURANTES,CBV,cbv,494,25,30,24,268,214,0,3,16,40,65,70,77,98,573,485,310,1114,0.171,1.0,494,False,,2,3.1754468661903794,3.476250081106002,-0.038685,False,,False,False,Normale
INF-4257E8ACDC24,2025,III. INFRACTIONS COURANTES,Autres,autres,253,2,2,4,138,135,0,0,0,85,39,27,7,46,261,273,119,619,0.1762,1.0,253,False,,0,2.2433455790897816,-0.5985786151682828,-0.173984,False,,False,False,Normale
INF-90F823076272,2025,III. INFRACTIONS COURANTES,Non-exécution DJ,non-execution dj,9,0,7,0,5,4,0,0,0,23,121,0,0,9,16,9,130,48,0.5625,1.0,9,False,,0,0.6116629201885583,-0.5211457337226605,-0.190092,False,,False,False,Normale
INF-C1A5CDAF783D,2025,III. INFRACTIONS COURANTES,Usurpation,usurpation,11,0,0,0,10,1,0,0,0,14,0,0,0,4,11,11,4,36,0.3636,1.0,11,False,,1,-0.7682579054113113,-0.1013622656517398,-0.246679,False,,False,False,Normale
INF-3307FCCA0D93,2025,IV. INFRACTIONS ÉCONOMIQUES,Escroquerie,escroquerie,997,40,163,78,573,519,45,71,0,396,135,40,226,288,1278,1208,689,2882,0.2254,1.0,997,False,,0,3.899365779602046,-0.7779980516064584,0.04128,True,,False,True,Moyenne
INF-31D3D86194F2,2025,IV. INFRACTIONS ÉCONOMIQUES,ABC,abc,1123,31,226,24,643,471,16,9,0,432,142,85,200,261,1404,1139,688,2975,0.1859,1.0,1123,False,,0,3.91249482794527,-0.7878778204005419,0.022731,True,Saisine_ST: valeur extrêmement élevée,True,True,Faible
INF-E1E8C818CC2F,2025,IV. INFRACTIONS ÉCONOMIQUES,Abus de fonction,abus de fonction,0,0,2,0,2,0,0,0,0,4,2,0,0,0,2,2,2,8,0.0,1.0,0,False,,1,-1.7015267794910998,-0.1349392273403033,-0.247275,False,,False,False,Normale
INF-2657935215E6,2025,IV. INFRACTIONS ÉCONOMIQUES,Extorsion de fonds,extorsion de fonds,8,0,5,0,7,5,0,0,0,17,6,0,1,12,13,12,19,42,0.9231,1.0,8,False,,1,-0.0161649777197819,-0.2595248549685737,-0.236173,False,,False,False,Normale
INF-DCEA7B08EBD9,2025,IV. INFRACTIONS ÉCONOMIQUES,Blanchiment de capitaux,blanchiment de capitaux,0,0,1,0,1,0,0,0,0,1,1,0,0,0,1,1,1,3,0.0,1.0,0,False,,1,-2.146965425562636,-0.0669449801646186,-0.249427,False,,False,False,Normale
INF-8B6673BD791A,2025,IV. INFRACTIONS ÉCONOMIQUES,Destructions de bien d’autrui,destructions de bien d'autrui,71,1,4,0,49,28,0,0,0,95,9,4,6,38,76,77,57,248,0.5,1.0,71,False,,0,1.3913294667711766,-0.3937043508205416,-0.214264,False,,False,False,Normale
INF-4E6426597785,2025,IV. INFRACTIONS ÉCONOMIQUES,"Incendie criminel, volontaire",incendie criminel volontaire,1,0,0,0,1,1,0,0,0,3,0,1,0,2,1,2,3,6,2.0,1.0,1,False,,1,-1.818951361088696,0.0078108704053398,-0.248484,False,,False,False,Normale
INF-47F8324B5C27,2025,IV. INFRACTIONS ÉCONOMIQUES,Emission de chèque sans provision,emission de cheque sans provision,6,0,4,0,7,1,0,0,0,7,5,0,11,10,10,8,26,25,1.0,1.0,6,False,,1,-0.3809566207529853,-0.2265491212992864,-0.232409,False,,False,False,Normale
INF-FDF3191631B7,2025,IV. INFRACTIONS ÉCONOMIQUES,Non-exécution d’une décision judiciaire,non-execution d'une decision judiciaire,0,0,4,0,2,1,0,0,0,4,3,0,0,3,4,3,6,11,0.75,1.0,0,False,,1,-1.1407242374151605,-0.1571205570431994,-0.24272,False,,False,False,Normale
INF-0405525CC522,2025,IV. INFRACTIONS ÉCONOMIQUES,Faux et usage de faux,faux et usage de faux,38,1,22,0,46,25,0,0,0,39,15,0,14,31,61,71,60,171,0.5082,1.0,38,False,,0,1.2118242754785076,-0.4247647847520187,-0.207359,False,,False,False,Normale
INF-0135A813413E,2025,IV. INFRACTIONS ÉCONOMIQUES,Trafic d’influence,trafic d'influence,0,0,1,0,2,0,0,0,0,5,0,0,0,1,1,2,1,8,1.0,1.0,0,False,,1,-1.8333900752343888,-0.0035861291986591,-0.248699,False,,False,False,Normale
INF-5751C313C3A4,2025,IV. INFRACTIONS ÉCONOMIQUES,Abattage d’arbre,abattage d'arbre,0,0,1,0,1,0,0,0,0,0,0,0,0,1,1,1,1,2,1.0,1.0,0,False,,1,-2.278848462241025,0.0136780596239615,-0.249108,False,,False,False,Normale
INF-2D0BE80548F9,2025,IV. INFRACTIONS ÉCONOMIQUES,Acte de concurrence déloyale,acte de concurrence deloyale,0,0,1,0,1,0,0,0,0,0,1,0,0,0,1,1,1,2,0.0,1.0,0,False,,1,-2.286852692631283,-0.064287830632178,-0.249418,False,,False,False,Normale
INF-615E20A9E846,2025,IV. INFRACTIONS ÉCONOMIQUES,Détournement de fonds,detournement de fonds,2,0,1,0,3,0,0,0,0,2,1,0,0,2,3,3,3,8,0.6667,1.0,2,False,,1,-1.5155068558469298,-0.0909229272286634,-0.248565,False,,False,False,Normale
INF-7C642A62E52F,2025,IV. INFRACTIONS ÉCONOMIQUES,Stellionat,stellionat,1,0,0,0,0,1,0,0,0,0,0,0,0,1,1,1,1,2,1.0,1.0,1,False,,1,-2.278848462241025,0.0136780596239615,-0.249967,False,,False,False,Normale
INF-F32E24E0E495,2025,IV. INFRACTIONS ÉCONOMIQUES,Usurpation d’identité,usurpation d'identite,0,0,2,0,2,0,0,0,0,2,0,0,1,1,2,2,2,6,0.5,1.0,0,False,,1,-1.888199997076158,-0.0192506539337301,-0.24648,False,,False,False,Normale
INF-3DFE1D84345D,2025,V. LUTTE C/ LES STUPÉFIANTS ET SUBSTANCES PSYCHOTROPES,"Détention et consommation chanvre Indien, vente",detention et consommation chanvre indien vente,2,81,0,47,4,0,1,0,0,234,0,32,45,59,130,5,136,369,0.4538,1.0,2,False,,0,0.7352163295462781,-0.1418273251673188,-0.085823,False,,False,False,Normale
INF-5D37F7C370DB,2025,V. LUTTE C/ LES STUPÉFIANTS ET SUBSTANCES PSYCHOTROPES,Vente et injection d’héroïne,vente et injection d'heroine,0,14,0,3,0,0,0,0,0,28,0,0,3,25,17,0,28,45,1.4706,1.0,0,False,,1,-0.6726109837576034,-0.0184804132931489,-0.220754,False,,False,False,Normale
INF-1D9339484A71,2025,V. LUTTE C/ LES STUPÉFIANTS ET SUBSTANCES PSYCHOTROPES,Trafic,trafic,1,0,0,0,1,0,0,0,0,0,0,1,0,0,1,1,1,2,0.0,1.0,1,False,,1,-2.4434188741743306,-0.0031480903541623,-0.249233,False,,False,False,Normale
INF-F5BE2A96F018,2025,VI. ACCIDENTS DE LA CIRCULATION,Corporel,corporel,852,153,45,5,689,306,102,86,0,349,94,101,291,220,1055,1183,706,2587,0.2085,1.0,852,False,,0,3.6846820743352686,-0.7431876861117406,0.000211,True,,False,True,Faible
INF-1988E1703827,2025,VI. ACCIDENTS DE LA CIRCULATION,Matériel,materiel,262,70,16,0,160,50,0,0,0,178,13,49,105,100,348,210,267,736,0.2874,1.0,262,False,,0,2.3419054554753864,-0.4964760572328757,-0.128646,False,,False,False,Normale
INF-061B3B106C1A,2025,VI. ACCIDENTS DE LA CIRCULATION,Mortel,mortel,69,18,0,0,64,21,10,7,0,68,10,3,1,69,87,102,83,257,0.7931,1.0,69,False,,0,1.5706043985236788,-0.3998079532099459,-0.207046,False,,False,False,Normale
INF-835D61871924,2025,VI. ACCIDENTS DE LA CIRCULATION,Délit de fuite,delit de fuite,4,0,0,0,2,0,0,0,0,0,0,2,2,0,4,2,4,6,0.0,1.0,4,False,,1,-2.1673017027918577,-0.0549479012753577,-0.246419,False,,False,False,Normale
INF-38134F8447CB,2025,VI. ACCIDENTS DE LA CIRCULATION,Conduite en état d’ivresse,conduite en etat d'ivresse,12,5,0,0,4,0,0,0,0,0,2,11,0,0,17,4,13,21,0.0,1.0,12,False,,1,-1.5447313795947664,-0.2228302623614345,-0.237674,False,,False,False,Normale
INF-346B459EAF1A,2025,VII. AUTRES,Découverte cadavre,decouverte cadavre,215,0,0,0,0,0,0,0,0,0,0,0,0,0,215,0,0,215,0.0,1.0,215,False,,1,-1.6043345771820363,-0.196947336401747,-0.225473,False,,False,False,Normale
INF-821A617504EE,2025,VII. AUTRES,Découverte fœtus,decouverte f tus,27,0,0,0,0,0,0,0,0,0,0,0,0,0,27,0,0,27,0.0,1.0,27,False,,1,-2.033025726744587,-0.1046273470708068,-0.247661,False,,False,False,Normale
INF-1A98C8596B10,2025,VII. AUTRES,Manifestations de foules,manifestations de foules,171,0,0,0,0,0,0,0,0,0,0,0,0,0,171,0,0,171,0.0,1.0,171,False,,1,-1.6521296937932868,-0.186654507496545,-0.233784,False,,False,False,Normale
INF-67FF06D94ACB,2025,VII. AUTRES,Incendie,incendie,88,0,0,0,0,0,0,0,0,0,0,0,0,0,88,0,0,88,0.0,1.0,88,False,,1,-1.7903756180683068,-0.1568828122629499,-0.243504,False,,False,False,Normale
INF-BD4E46CD7F8F,2026-S1,I. C/ ÉTAT,Usurpation de fonction,usurpation de fonction,0,2,0,0,2,0,0,0,0,2,0,0,0,2,2,2,2,6,1.0,2.0,0,False,,1,-1.7919324773669412,-0.0094079871650175,-0.247181,False,,False,False,Normale
INF-84A3E5D4CDAB,2026-S1,I. C/ ÉTAT,Usurpation d’Identité,usurpation d'identite,1,0,0,0,1,0,0,0,0,0,0,0,0,0,1,1,0,2,0.0,2.0,2,False,,1,-2.4434188741743306,-0.0031480903541623,-0.250138,False,,False,False,Normale
INF-7CA01A2BA64E,2026-S1,I. C/ ÉTAT,Trouble à l’Ordre Public,trouble a l'ordre public,1,0,0,0,1,0,0,0,0,1,0,1,0,0,1,1,1,3,0.0,2.0,2,False,,1,-2.3035316071056835,-0.0058052398866028,-0.249242,False,,False,False,Normale
INF-65E3FBCD4A45,2026-S1,I. C/ ÉTAT,Usurpation de titre,usurpation de titre,2,0,0,2,3,0,0,0,0,2,0,0,0,4,4,3,4,9,1.0,2.0,4,False,,1,-1.5039688642042706,-0.027466038296458,-0.241815,False,,False,False,Normale
INF-180976A545DC,2026-S1,II. CRIMINALITÉ ET ACTES DE BANDITISME,Vol avec violence avec arme à feu,vol avec violence avec arme a feu,4,5,0,2,10,3,0,0,9,22,0,0,0,20,11,13,20,55,1.8182,2.0,8,False,,2,0.1038982829883856,3.299180379185257,-0.191408,False,,False,False,Normale
INF-D812FCC39B85,2026-S1,II. CRIMINALITÉ ET ACTES DE BANDITISME,Vol avec violence avec arme blanche,vol avec violence avec arme blanche,55,14,0,6,49,23,0,1,7,63,10,0,3,59,75,73,72,218,0.7867,2.0,110,False,,2,1.7929125011010003,2.6564250521670463,-0.169768,False,,False,False,Normale
INF-AA558D4313F6,2026-S1,II. CRIMINALITÉ ET ACTES DE BANDITISME,Association des malfaiteurs,association des malfaiteurs,131,89,9,0,139,78,0,0,0,1233,0,273,764,269,229,217,1306,1679,1.1747,2.0,262,False,,0,2.288145813544864,-0.2292209077992809,0.082547,True,MiseEnCause_Interpelles: valeur extrêmement élevée; Resultats_DAT: valeur extrêmement élevée,True,True,Moyenne
INF-A48E642842C5,2026-S1,II. CRIMINALITÉ ET ACTES DE BANDITISME,Meurtre,meurtre,44,0,0,0,1,1,0,0,0,3,1,0,2,0,44,2,3,49,0.0,2.0,88,False,,1,-1.2699249320506532,-0.2206875072268258,-0.246101,False,,False,False,Normale
INF-8716759067B6,2026-S1,II. CRIMINALITÉ ET ACTES DE BANDITISME,VAMA,vama,2,0,0,0,1,0,0,0,2,0,2,0,0,0,2,1,2,5,0.0,2.0,4,False,,1,-1.913002141493375,1.490143379337327,-0.239032,False,,False,False,Normale
INF-234E6007EBA8,2026-S1,III. INFRACTIONS COURANTES,Vol avec effraction,vol avec effraction,637,104,58,55,383,432,0,0,0,210,44,17,73,110,854,815,244,1879,0.1288,2.0,1274,False,,0,3.1289846798759786,-0.6729709012057792,-0.023455,False,,False,False,Normale
INF-8F5B3C641D45,2026-S1,III. INFRACTIONS COURANTES,Vol à la tire,vol a la tire,306,115,7,0,170,197,27,34,0,408,5,81,165,158,428,428,409,1264,0.3692,2.0,612,False,,0,2.615083669324288,-0.4414103966570363,-0.075324,False,,False,False,Normale
INF-69C1758F25A2,2026-S1,III. INFRACTIONS COURANTES,Vol à l’esbroufe,vol a l'esbroufe,62,35,0,0,59,37,0,0,0,77,2,5,0,67,97,96,74,270,0.6907,2.0,124,False,,0,1.3051578363356746,-0.2897017699977896,-0.199516,False,,False,False,Normale
INF-3B8690F56307,2026-S1,III. INFRACTIONS COURANTES,Tentative de Vol,tentative de vol,8,0,0,0,8,0,0,0,0,6,2,0,0,5,8,8,7,22,0.625,2.0,16,False,,1,-0.7504891786582665,-0.170543774447752,-0.247854,False,,False,False,Normale
INF-B4786968DF6E,2026-S1,III. INFRACTIONS COURANTES,Vol simple,vol simple,2779,583,187,116,1932,1552,163,158,2,1000,272,472,236,360,3665,3805,1340,8472,0.0982,2.0,5558,False,,0,4.951527180307144,0.6939259127748811,0.188386,True,Saisine_FD: valeur extrêmement élevée; Saisine_Autres: valeur extrêmement élevée; Total_victimes: valeur extrêmement élevée,True,True,Élevée
INF-ECE50A1B70AC,2026-S1,III. INFRACTIONS COURANTES,Vol moto,vol moto,156,33,0,0,165,24,0,0,0,64,4,19,14,26,189,189,63,442,0.1376,2.0,312,False,,0,1.442403551487771,-0.403636235569479,-0.199575,False,,False,False,Normale
INF-F95D93281CA8,2026-S1,III. INFRACTIONS COURANTES,VVF,vvf,109,56,7,0,93,76,0,0,0,51,5,29,20,13,172,169,67,392,0.0756,2.0,218,False,,0,1.2399460177683166,-0.4277188641567153,-0.183384,False,,False,False,Normale
INF-7FD55CF8801E,2026-S1,III. INFRACTIONS COURANTES,Destruction de bien d’autrui,destruction de bien d'autrui,88,46,4,0,97,42,8,1,0,34,10,10,18,12,138,148,50,320,0.087,2.0,176,False,,0,1.2061833220019011,-0.468196825812265,-0.198188,False,,False,False,Normale
INF-4577F40E1B5A,2026-S1,III. INFRACTIONS COURANTES,Violation de domicile,violation de domicile,38,30,0,0,20,48,0,0,0,96,2,19,49,21,68,68,91,232,0.3088,2.0,76,False,,0,0.9371670605982554,-0.2933440603705552,-0.196699,False,,False,False,Normale
INF-F0B5BBFC24EF,2026-S1,III. INFRACTIONS COURANTES,Outrage et diffamation publique,outrage et diffamation publique,62,42,0,0,67,36,1,0,0,61,2,6,23,31,104,104,62,269,0.2981,2.0,124,False,,0,1.1107283960261796,-0.3122689297038585,-0.202762,False,,False,False,Normale
INF-BB85BCE6CE70,2026-S1,III. INFRACTIONS COURANTES,Menace,menace,197,0,21,0,105,106,1,0,0,106,76,23,50,55,218,212,204,536,0.2523,2.0,394,False,,0,2.3872701723479115,-0.6383739898063562,-0.169293,False,,False,False,Normale
INF-C53C356D7B05,2026-S1,III. INFRACTIONS COURANTES,CBV,cbv,311,31,7,0,182,146,0,0,1,183,82,75,49,84,349,328,290,861,0.2407,2.0,622,False,,0,2.925407358283616,0.3455875786804094,-0.136783,False,,False,False,Normale
INF-FC43832A00EF,2026-S1,III. INFRACTIONS COURANTES,Non-exécution DJ,non-execution dj,2,0,2,0,3,3,0,0,0,12,1,0,0,2,4,6,3,22,0.5,2.0,4,False,,1,-1.057021830881448,-0.1209749757285645,-0.246888,False,,False,False,Normale
INF-15C37F8A0866,2026-S1,III. INFRACTIONS COURANTES,VAR,var,1,0,0,0,1,0,0,0,0,0,1,0,0,0,1,1,1,2,0.0,2.0,2,False,,1,-2.286852692631283,-0.064287830632178,-0.250067,False,,False,False,Normale
INF-70A0C0A27DCE,2026-S1,III. INFRACTIONS COURANTES,VPE,vpe,18,1,0,0,11,7,0,0,0,6,8,2,0,7,19,18,17,43,0.3684,2.0,36,False,,1,-0.1119537438604404,-0.3157040310749521,-0.241455,False,,False,False,Normale
INF-5006BD18FC75,2026-S1,III. INFRACTIONS COURANTES,VBG,vbg,1,0,0,0,0,1,0,0,0,0,1,0,0,0,1,1,1,2,0.0,2.0,2,False,,1,-2.286852692631283,-0.064287830632178,-0.250067,False,,False,False,Normale
INF-85778478517F,2026-S1,III. INFRACTIONS COURANTES,FD de VOL,fd de vol,3,0,0,0,2,1,0,0,0,2,1,0,0,2,3,3,3,8,0.6667,2.0,6,False,,1,-1.5155068558469298,-0.0909229272286634,-0.249095,False,,False,False,Normale
INF-E1F1C0648BAB,2026-S1,III. INFRACTIONS COURANTES,IVPM,ivpm,1,0,0,0,1,0,0,0,0,0,1,0,0,0,1,1,1,2,0.0,2.0,2,False,,1,-2.286852692631283,-0.064287830632178,-0.250067,False,,False,False,Normale
INF-98424A795A28,2026-S1,III. INFRACTIONS COURANTES,AUTRES,autres,62,1,0,0,40,34,0,0,0,29,5,2,2,15,63,74,24,166,0.2381,2.0,124,False,,0,0.782752581972831,-0.356454333908422,-0.232042,False,,False,False,Normale
INF-8D1C504D6D4F,2026-S1,IV. INFRACTIONS ÉCONOMIQUES,Escroquerie,escroquerie,258,36,28,10,166,187,0,0,0,185,83,42,59,81,332,353,265,870,0.244,2.0,516,False,,0,2.802050799863886,-0.6708718029452955,-0.128413,False,,False,False,Normale
INF-0C10B15705D8,2026-S1,IV. INFRACTIONS ÉCONOMIQUES,ABC,abc,444,59,44,5,262,275,0,2,0,322,97,83,67,146,552,539,393,1413,0.2645,2.0,888,False,,0,3.2805989203525194,-0.7061607991090848,-0.094048,False,,False,False,Normale
INF-5E46EE891DAD,2026-S1,IV. INFRACTIONS ÉCONOMIQUES,Extorsion de fonds,extorsion de fonds,0,0,1,0,0,2,0,0,0,2,0,0,1,0,1,2,1,5,0.0,2.0,0,False,,1,-2.1378477542363408,-0.0177551296443425,-0.247822,False,,False,False,Normale
INF-3C121BC9A828,2026-S1,IV. INFRACTIONS ÉCONOMIQUES,Emission de chèque sans provision,emission de cheque sans provision,0,0,0,0,0,0,0,0,0,0,0,0,0,0,0,0,0,0,0.0,2.0,0,False,,1,-2.7322107066839907,0.0459443406214324,-0.249554,False,Ligne sans activité numérique,True,True,Faible
INF-88E97DEB2C99,2026-S1,IV. INFRACTIONS ÉCONOMIQUES,Destruction de bien d’autrui,destruction de bien d'autrui,20,0,0,0,13,7,0,0,0,5,3,1,3,5,20,20,12,45,0.25,2.0,40,False,,1,-0.3636012628328642,-0.255338345010475,-0.24351,False,,False,False,Normale
INF-409D47D80C5D,2026-S1,IV. INFRACTIONS ÉCONOMIQUES,Abattage d’arbre illicite,abattage d'arbre illicite,2,0,0,0,2,0,0,0,0,1,0,0,1,0,2,2,1,5,0.0,2.0,4,False,,1,-2.134599214572987,-0.0345224710765675,-0.248651,False,,False,False,Normale
INF-61BEDD2F69B5,2026-S1,IV. INFRACTIONS ÉCONOMIQUES,Faux et usage de faux,faux et usage de faux,2,0,1,0,0,3,0,0,0,0,3,0,0,0,3,3,3,6,0.0,2.0,4,False,,1,-1.841494678578576,-0.1745200018857886,-0.247398,False,,False,False,Normale
INF-87DB9005BBDB,2026-S1,IV. INFRACTIONS ÉCONOMIQUES,Stellionat,stellionat,1,0,0,0,0,1,0,0,0,0,1,0,0,0,1,1,1,2,0.0,2.0,2,False,,1,-2.286852692631283,-0.064287830632178,-0.250067,False,,False,False,Normale
INF-606CC8CFB77E,2026-S1,IV. INFRACTIONS ÉCONOMIQUES,Usurpation d’identité,usurpation d'identite,2,0,2,0,3,1,0,0,0,3,2,0,0,1,4,4,3,11,0.25,2.0,4,False,,1,-1.3691603645083743,-0.1534370988383627,-0.247513,False,,False,False,Normale
INF-CC52230795F4,2026-S1,IV. INFRACTIONS ÉCONOMIQUES,Usurpation de qualité,usurpation de qualite,0,0,1,0,0,1,0,0,0,0,1,0,0,0,1,1,1,2,0.0,2.0,0,False,,1,-2.286852692631283,-0.064287830632178,-0.249418,False,,False,False,Normale
INF-5FCA04AD3E87,2026-S1,V. LUTTE C/ LES STUPÉFIANTS ET SUBSTANCES PSYCHOTROPES,Détention et consommation chanvre Indien,detention et consommation chanvre indien,10,76,0,0,6,1,0,0,0,159,2,92,34,27,86,7,155,252,0.314,2.0,20,False,,0,0.698453259340203,-0.2446401394880482,-0.152904,False,,False,False,Normale
INF-58A88BAE600C,2026-S1,V. LUTTE C/ LES STUPÉFIANTS ET SUBSTANCES PSYCHOTROPES,Vente,vente,2,1,0,0,3,0,0,0,0,3,0,0,0,1,3,3,1,9,0.3333,2.0,4,False,,1,-1.710282095594071,-0.0407286704165142,-0.247634,False,,False,False,Normale
INF-3DAE8FD8BF62,2026-S1,V. LUTTE C/ LES STUPÉFIANTS ET SUBSTANCES PSYCHOTROPES,Injection et détention d’héroïne,injection et detention d'heroine,0,19,0,0,0,0,0,0,0,30,0,0,12,21,19,0,33,49,1.1053,2.0,0,False,,1,-0.6767070548475349,-0.0275522156650167,-0.221328,False,,False,False,Normale
INF-5A550EF2237C,2026-S1,VI. ACCIDENTS DE LA CIRCULATION,Corporel,corporel,445,277,0,6,228,95,56,28,0,69,46,20,77,30,728,407,173,1204,0.0412,2.0,890,False,,0,2.43648315082508,-0.678565313052609,-0.051624,False,,False,False,Normale
INF-9DF02A95F703,2026-S1,VI. ACCIDENTS DE LA CIRCULATION,Matériel,materiel,131,110,0,0,106,20,0,0,0,130,10,8,35,93,241,126,146,497,0.3859,2.0,262,False,,0,2.025557861926546,-0.4461905160278466,-0.146861,False,,False,False,Normale
INF-AA1FDC12A9D8,2026-S1,VI. ACCIDENTS DE LA CIRCULATION,Mortel,mortel,43,25,0,0,38,12,10,5,0,52,6,2,0,51,68,65,59,185,0.75,2.0,86,False,,0,1.2016117988603725,-0.3437427320851655,-0.219374,False,,False,False,Normale
INF-C21D9BCC7892,2026-S1,VI. ACCIDENTS DE LA CIRCULATION,Délit de fuite,delit de fuite,13,2,0,0,11,0,0,0,0,0,6,3,0,3,15,11,12,26,0.2,2.0,26,False,,1,-0.8678618152963898,-0.2810382691111427,-0.243757,False,,False,False,Normale
INF-3E0049089B8C,2026-S1,VI. ACCIDENTS DE LA CIRCULATION,Conduite en état d’ivresse,conduite en etat d'ivresse,4,26,0,0,17,9,2,0,0,0,0,2,0,1,30,28,3,58,0.0333,2.0,8,False,,1,-1.150701439771327,-0.1787331764647394,-0.228329,False,,False,False,Normale
INF-2990A4320DB3,2026-S1,VII. AUTRES,Découverte cadavre,decouverte cadavre,120,0,0,0,0,0,0,0,0,0,0,0,0,0,120,0,0,120,0.0,2.0,240,False,,1,-1.725926516689801,-0.1707621292437736,-0.24075,False,,False,False,Normale
INF-F8B774198A24,2026-S1,VII. AUTRES,Découverte fœtus,decouverte f tus,12,0,0,0,0,0,0,0,0,0,0,0,0,0,12,0,0,12,0.0,2.0,24,False,,1,-2.194016229254381,-0.0699575352744746,-0.249364,False,,False,False,Normale
INF-234CCCA60168,2026-S1,VII. AUTRES,Manifestations de foules,manifestations de foules,70,0,0,0,0,0,0,0,0,0,0,0,0,0,70,0,0,70,0.0,2.0,140,False,,1,-1.837787289628917,-0.1466725594571616,-0.244091,False,,False,False,Normale
INF-FC47006B15AE,2026-S1,VII. AUTRES,Incendie,incendie,45,0,0,0,0,0,0,0,0,0,0,0,0,0,45,0,0,45,0.0,2.0,90,False,,1,-1.9288600870491088,-0.1270597456756069,-0.247163,False,,False,False,Normale
INF-E275353AC161,2026-S1,VII. AUTRES,Détournement de mineur,detournement de mineur,0,0,0,0,0,1,0,1,0,0,1,0,0,0,0,2,1,2,0.0,2.0,0,False,,1,-2.3484383276290184,-0.0433622785178571,-0.249797,False,,False,False,Normale
