Record_ID,Annee,Categorie,Infraction_Affaire_traitee,Infraction_normalisee,Saisine_Plaintes_directes,Saisine_FD,Saisine_ST,Saisine_Autres,Victimes_H,Victimes_F,Victimes_G,Victimes_F_fille,MiseEnCause_Neutralises,MiseEnCause_Interpelles,Resultats_En_cours,Resultats_Retraits,Resultats_DAT,Resultats_DEF,Total_saisines,Total_victimes,Total_resultats,Volume_activite,Taux_DEF_sur_saisines,Facteur_annualisation,Plaintes_directes_annualisees,Infraction_non_renseignee,Observations_Objets_saisis
INF-25E824897EAE,2024,I. C/ ÉTAT,Vol de téléphone,vol de telephone,37,0,0,0,21,13,0,0,0,0,27,0,0,1,37,34,28,71,0.027,1.0,37,False,
INF-A6623BF22925,2024,II. CRIMINALITÉ ET ACTES DE BANDITISME,Association de malfaiteurs,association de malfaiteurs,23,0,0,0,21,2,0,0,4,40,0,0,0,20,23,23,20,90,0.8696,1.0,23,False,03 H MD
INF-16B3D2A43ADD,2024,II. CRIMINALITÉ ET ACTES DE BANDITISME,Vol  avec violence,vol avec violence,107,0,7,2,36,7,2,0,0,23,53,0,0,16,116,45,69,184,0.1379,1.0,107,False,
INF-01435D287354,2024,II. CRIMINALITÉ ET ACTES DE BANDITISME,Vol à main armée,vol a main armee,21,0,0,0,17,0,0,0,19,13,19,0,0,1,21,17,20,70,0.0476,1.0,21,False,
INF-2B989CE098D4,2024,III. INFRACTIONS COURANTES,Violation de domicile,violation de domicile,27,1,5,3,25,16,0,0,0,123,4,10,5,5,36,41,24,200,0.1389,1.0,27,False,
INF-D06D1416E546,2024,III. INFRACTIONS COURANTES,Résistance à l’exécution des décisions des juridictions,resistance a l'execution des decisions des juridictions,1,0,27,0,17,17,0,0,0,8,13,0,1,14,28,34,28,70,0.5,1.0,1,False,
INF-E8A90542761F,2024,III. INFRACTIONS COURANTES,Injures,injures,1,0,0,0,1,0,0,0,0,0,1,0,0,0,1,1,1,2,0.0,1.0,1,False,
INF-E52F1F6997F2,2024,III. INFRACTIONS COURANTES,Usurpation,usurpation,14,0,0,4,6,0,0,0,0,1,8,4,5,1,18,6,18,25,0.0556,1.0,14,False,
INF-EE2FFB1F6882,2024,III. INFRACTIONS COURANTES,Menace verbal de mort,menace verbal de mort,7,0,23,0,16,14,0,0,0,0,6,0,4,20,30,30,30,60,0.6667,1.0,7,False,
INF-0060A25EE5CE,2024,III. INFRACTIONS COURANTES,Menace sans condition,menace sans condition,496,0,21,0,167,83,0,0,0,126,285,54,35,28,517,250,402,893,0.0542,1.0,496,False,
INF-0236BE022D1A,2024,III. INFRACTIONS COURANTES,Diffamation publique,diffamation publique,5,0,3,0,4,7,0,0,0,1,5,0,2,5,8,11,12,20,0.625,1.0,5,False,
INF-649FF3B60BEC,2024,III. INFRACTIONS COURANTES,Coups et blessures volontaires,coups et blessures volontaires,867,1,122,0,383,216,0,0,0,92,347,867,1,122,990,599,1337,1681,0.1232,1.0,867,False,"02 H LP- 01 F MD, 02 F LP"
INF-AFC0021C9160,2024,III. INFRACTIONS COURANTES,Tentative de vol,tentative de vol,74,0,2,13,62,11,0,0,0,39,25,25,10,5,89,73,65,201,0.0562,1.0,74,False,01 H MD
INF-5EC7F3CB7F05,2024,III. INFRACTIONS COURANTES,Vol simple,vol simple,5223,86,62,343,2121,1153,101,78,0,1164,2232,3946,224,199,5714,3453,6601,10331,0.0348,1.0,5223,False,03 H MD – 11 LP 06H -05F
INF-77440948B762,2024,III. INFRACTIONS COURANTES,Vol avec effraction,vol avec effraction,776,0,4,0,108,27,0,0,0,163,273,776,0,4,780,135,1053,1078,0.0051,1.0,776,False,"12 H MD, 01H LP"
INF-68D6C60CA568,2024,III. INFRACTIONS COURANTES,Vol au préjudice de l’employeur,vol au prejudice de l'employeur,11,0,2,0,11,2,0,0,0,25,8,0,1,5,13,13,14,51,0.3846,1.0,11,False,
INF-5FE5E3F2BAD4,2024,III. INFRACTIONS COURANTES,Vol à la tire,vol a la tire,160,22,0,0,74,21,0,0,0,26,92,160,22,0,182,95,274,303,0.0,1.0,160,False,"07 H MD, 02H LP"
INF-0EEA0C6662A0,2024,III. INFRACTIONS COURANTES,Vol de bovidé,vol de bovide,1,0,0,0,1,0,0,0,0,0,0,0,0,1,1,1,1,2,1.0,1.0,1,False,
INF-C016F6C5FFF9,2024,III. INFRACTIONS COURANTES,VBG,vbg,0,0,1,0,0,1,0,0,0,0,1,0,0,0,1,1,1,2,0.0,1.0,0,False,
INF-F5E4C609DF4F,2024,III. INFRACTIONS COURANTES,Vol à l’esbroufe,vol a l'esbroufe,11,2,0,0,0,0,0,0,0,5,6,11,2,0,13,0,19,18,0.0,1.0,11,False,
INF-2428AC77CA57,2024,III. INFRACTIONS COURANTES,VAE,vae,259,0,0,56,136,24,3,0,0,117,85,12,23,13,315,163,133,595,0.0413,1.0,259,False,
INF-ADFEFC5E4720,2024,III. INFRACTIONS COURANTES,VVF,vvf,16,0,12,9,8,0,0,0,0,1,2,3,4,11,37,8,20,46,0.2973,1.0,16,False,
INF-C5CCB4DEB536,2024,III. INFRACTIONS COURANTES,VPE,vpe,11,0,0,0,4,1,0,0,0,1,0,5,0,2,11,5,7,17,0.1818,1.0,11,False,
INF-1B8DE1EFE3B2,2024,III. INFRACTIONS COURANTES,CBV,cbv,306,0,28,57,208,46,0,0,0,69,89,58,51,54,391,254,252,714,0.1381,1.0,306,False,
INF-9CC68BFECB3A,2024,III. INFRACTIONS COURANTES,Menace,menace,10,0,0,0,6,0,0,0,0,0,0,4,0,1,10,6,5,16,0.1,1.0,10,False,
INF-7077BE4E51E6,2024,III. INFRACTIONS COURANTES,Outrages,outrages,1,0,0,1,0,0,0,0,0,6,2,0,0,2,2,0,4,8,1.0,1.0,1,False,
INF-9078DEF85F7F,2024,III. INFRACTIONS COURANTES,Escroquerie,escroquerie,1282,3,159,7,531,381,0,0,0,908,632,132,59,182,1451,912,1005,3271,0.1254,1.0,1282,False,"04 H MD, 02 H LP, 03 F MD, 01 F LP"
INF-7524C438D382,2024,III. INFRACTIONS COURANTES,ECSP,ecsp,7,0,67,0,65,13,0,0,0,147,0,0,67,1,74,78,68,299,0.0135,1.0,7,False,
INF-7F91E8F9AB89,2024,III. INFRACTIONS COURANTES,Faux et usage de faux,faux et usage de faux,3,0,17,0,15,9,0,0,0,60,11,0,2,9,20,24,22,104,0.45,1.0,3,False,
INF-0CBA9264728E,2024,III. INFRACTIONS COURANTES,Acte de concurrence déloyale,acte de concurrence deloyale,1,0,0,0,1,0,0,0,0,0,0,0,0,1,1,1,1,2,1.0,1.0,1,False,
INF-01EFAEEA1182,2024,III. INFRACTIONS COURANTES,Corruption et abus de fonction,corruption et abus de fonction,0,0,1,0,1,0,0,0,0,0,1,0,0,0,1,1,1,2,0.0,1.0,0,False,
INF-4FBF45361455,2024,III. INFRACTIONS COURANTES,Abus de confiance,abus de confiance,1357,5,411,10,735,404,0,0,0,542,621,20,112,375,1783,1139,1128,3464,0.2103,1.0,1357,False,"01 H MD, 03 H LP, 02 F LP"
INF-A156386D1CEF,2024,III. INFRACTIONS COURANTES,Destructions de biens d’autrui,destructions de biens d'autrui,143,0,22,4,78,39,0,0,0,43,49,0,21,37,169,117,107,329,0.2189,1.0,143,False,01 H MD
INF-D9FD4A452B2F,2024,III. INFRACTIONS COURANTES,Détournement de gages,detournement de gages,1,0,0,0,1,0,0,0,0,2,0,0,0,1,1,1,1,4,1.0,1.0,1,False,
INF-31B4AE339C03,2024,III. INFRACTIONS COURANTES,Confiscation  des biens,confiscation des biens,1,0,0,0,1,0,0,0,0,0,1,0,0,0,1,1,1,2,0.0,1.0,1,False,
INF-6E317813D190,2024,III. INFRACTIONS COURANTES,Destruction de clôtures,destruction de clotures,0,0,3,0,3,0,0,0,0,0,0,0,0,3,3,3,3,6,1.0,1.0,0,False,
INF-358722C3BC0A,2024,III. INFRACTIONS COURANTES,Harcèlement moral,harcelement moral,0,0,1,0,1,0,0,0,0,0,1,0,0,0,1,1,1,2,0.0,1.0,0,False,
INF-2D31FE5057B7,2024,III. INFRACTIONS COURANTES,"Incendie criminel, volontaire",incendie criminel volontaire,8,0,0,2,2,4,0,0,0,6,1,0,1,0,10,6,2,22,0.0,1.0,8,False,
INF-1CE8014C7865,2024,III. INFRACTIONS COURANTES,Abattages d’arbres,abattages d'arbres,1,0,9,0,10,0,0,0,0,0,2,0,0,8,10,10,10,20,0.8,1.0,1,False,
INF-63C0660619DD,2024,V. LUTTE C/ LES STUPÉFIANTS ET SUBSTANCES PSYCHOTROPES,Consommation,consommation,73,129,0,42,20,0,0,0,0,237,3,0,6,144,244,20,153,501,0.5902,1.0,73,False,02H MD
INF-3C05FD7B41FE,2024,V. LUTTE C/ LES STUPÉFIANTS ET SUBSTANCES PSYCHOTROPES,Vente,vente,6,2,0,0,0,0,0,0,2,6,0,0,0,4,8,0,4,16,0.5,1.0,6,False,
INF-761388CECEE9,2024,VI. ACCIDENTS DE LA CIRCULATION,Accident corporel,accident corporel,335,339,45,0,439,98,69,19,77,133,325,99,86,134,719,625,644,1554,0.1864,1.0,335,False,
INF-4C4C8CC4F457,2024,VI. ACCIDENTS DE LA CIRCULATION,Accident matériel,accident materiel,46,0,0,3,42,1,0,0,0,0,2,18,4,0,49,43,24,92,0.0,1.0,46,False,
INF-213CB2C26526,2024,VI. ACCIDENTS DE LA CIRCULATION,Accident mortel,accident mortel,14,1,0,0,11,1,0,0,0,6,2,3,3,5,15,12,13,33,0.3333,1.0,14,False,
INF-5011E60D93DE,2024,VI. ACCIDENTS DE LA CIRCULATION,Délit de fuite,delit de fuite,2,0,2,0,2,0,0,0,0,0,3,2,0,1,4,2,6,6,0.25,1.0,2,False,
INF-6B24570F212C,2024,VI. ACCIDENTS DE LA CIRCULATION,Conduite en état d’ivresse,conduite en etat d'ivresse,5,0,0,0,0,0,0,0,0,1,1,4,0,0,5,0,5,6,0.0,1.0,5,False,
INF-A842938A377F,2024,VI. ACCIDENTS DE LA CIRCULATION,CSP Itaosy,csp itaosy,9,0,1,0,6,4,0,0,5,4,2,0,0,6,10,10,8,29,0.6,1.0,9,False,
INF-629AA96B20F1,2025,I. C/ ÉTAT,Infraction non renseignée,infraction non renseignee,0,0,0,2,0,0,0,0,0,2,0,0,0,2,2,0,2,4,1.0,1.0,0,True,
INF-C40FF5A05AA5,2025,II. CRIMINALITÉ ET ACTES DE BANDITISME,Vol Avec Violence,vol avec violence,19,9,0,0,21,8,0,0,16,72,0,0,0,62,28,29,62,145,2.2143,1.0,19,False,
INF-55165AF63857,2025,II. CRIMINALITÉ ET ACTES DE BANDITISME,Vol Avec Arme Blanche,vol avec arme blanche,53,13,5,0,35,37,0,0,17,99,0,2,7,77,71,72,86,259,1.0845,1.0,53,False,
INF-046BB831B21A,2025,II. CRIMINALITÉ ET ACTES DE BANDITISME,Association Malfaiteur,association malfaiteur,91,82,23,0,98,75,11,29,2,716,3,75,299,405,196,213,782,1127,2.0663,1.0,91,False,
INF-D59864DF2048,2025,II. CRIMINALITÉ ET ACTES DE BANDITISME,Menace avec arme à feu,menace avec arme a feu,1,0,0,0,1,0,0,0,0,0,0,0,0,1,1,1,1,2,1.0,1.0,1,False,
INF-3DE59928FCF6,2025,II. CRIMINALITÉ ET ACTES DE BANDITISME,Violation de sépulture et vol d’ossement humain,violation de sepulture et vol d'ossement humain,2,0,0,0,0,0,0,0,0,0,2,0,0,0,2,0,2,2,0.0,1.0,2,False,
INF-96C4B4755AC7,2025,II. CRIMINALITÉ ET ACTES DE BANDITISME,Vol à main armée,vol a main armee,18,2,0,2,13,6,0,0,0,6,7,0,0,4,22,19,11,47,0.1818,1.0,18,False,
INF-2C9A16603C99,2025,II. CRIMINALITÉ ET ACTES DE BANDITISME,Meurtre,meurtre,2,1,0,0,2,1,0,0,0,0,0,0,0,2,3,3,2,6,0.6667,1.0,2,False,
INF-32D87BD675C3,2025,III. INFRACTIONS COURANTES,Vol avec effraction,vol avec effraction,1296,91,70,34,502,465,12,0,1,396,62,43,109,239,1491,979,453,2867,0.1603,1.0,1296,False,
INF-C40471D4EC12,2025,III. INFRACTIONS COURANTES,Vol à la tire,vol a la tire,779,206,12,13,204,403,49,50,1,603,33,85,151,323,1010,706,592,2320,0.3198,1.0,779,False,
INF-0406076CD296,2025,III. INFRACTIONS COURANTES,Vol à l’esbroufe,vol a l'esbroufe,51,20,0,2,16,22,11,3,0,54,1,0,4,49,73,52,54,179,0.6712,1.0,51,False,
INF-D626732B6BA5,2025,III. INFRACTIONS COURANTES,Vol simple,vol simple,6111,389,153,44,1979,1930,244,273,0,1775,404,274,549,773,6697,4426,2000,12898,0.1154,1.0,6111,False,
INF-7D4DC5931C11,2025,III. INFRACTIONS COURANTES,Vol moto,vol moto,119,21,8,0,60,27,0,0,0,59,10,0,8,46,148,87,64,294,0.3108,1.0,119,False,
INF-862387822BF2,2025,III. INFRACTIONS COURANTES,VVF,vvf,131,7,29,0,58,747,0,0,0,69,7,10,33,45,167,805,95,1041,0.2695,1.0,131,False,
INF-75E26B361FF7,2025,III. INFRACTIONS COURANTES,Vol au préjudice de son employeur,vol au prejudice de son employeur,37,0,10,0,31,16,0,0,0,0,20,0,0,29,47,47,49,94,0.617,1.0,37,False,
INF-7F338587EFDA,2025,III. INFRACTIONS COURANTES,Destruction de bien d’autrui,destruction de bien d'autrui,100,36,3,0,97,32,1,1,0,80,4,30,21,29,139,131,84,350,0.2086,1.0,100,False,
INF-6255084EA78F,2025,III. INFRACTIONS COURANTES,VBG,vbg,4,0,1,0,1,4,0,0,0,0,5,0,0,0,5,5,5,10,0.0,1.0,4,False,
INF-9EC56D5EA164,2025,III. INFRACTIONS COURANTES,Violation de domicile,violation de domicile,39,16,3,0,19,26,0,0,0,67,2,28,1,14,58,45,45,170,0.2414,1.0,39,False,
INF-69E3A786B522,2025,III. INFRACTIONS COURANTES,Tentative de vol,tentative de vol,34,0,0,0,26,22,0,0,0,11,5,0,4,8,34,48,17,93,0.2353,1.0,34,False,
INF-D6B331807BC3,2025,III. INFRACTIONS COURANTES,Outrage et diffamation publique,outrage et diffamation publique,52,12,4,0,35,20,0,0,0,72,9,17,18,15,68,55,59,195,0.2206,1.0,52,False,
INF-AA5165B959E3,2025,III. INFRACTIONS COURANTES,Jet d’immondice,jet d'immondice,2,0,0,0,2,0,0,0,0,0,0,0,0,2,2,2,2,4,1.0,1.0,2,False,
INF-0894C53B1960,2025,III. INFRACTIONS COURANTES,Menace,menace,459,6,57,4,241,205,12,0,0,165,59,42,59,152,526,458,312,1149,0.289,1.0,459,False,
INF-F973198E13E9,2025,III. INFRACTIONS COURANTES,CBV,cbv,494,25,30,24,268,214,0,3,16,40,65,70,77,98,573,485,310,1114,0.171,1.0,494,False,
INF-4257E8ACDC24,2025,III. INFRACTIONS COURANTES,Autres,autres,253,2,2,4,138,135,0,0,0,85,39,27,7,46,261,273,119,619,0.1762,1.0,253,False,
INF-90F823076272,2025,III. INFRACTIONS COURANTES,Non-exécution DJ,non-execution dj,9,0,7,0,5,4,0,0,0,23,121,0,0,9,16,9,130,48,0.5625,1.0,9,False,
INF-C1A5CDAF783D,2025,III. INFRACTIONS COURANTES,Usurpation,usurpation,11,0,0,0,10,1,0,0,0,14,0,0,0,4,11,11,4,36,0.3636,1.0,11,False,
INF-3307FCCA0D93,2025,IV. INFRACTIONS ÉCONOMIQUES,Escroquerie,escroquerie,997,40,163,78,573,519,45,71,0,396,135,40,226,288,1278,1208,689,2882,0.2254,1.0,997,False,
INF-31D3D86194F2,2025,IV. INFRACTIONS ÉCONOMIQUES,ABC,abc,1123,31,226,24,643,471,16,9,0,432,142,85,200,261,1404,1139,688,2975,0.1859,1.0,1123,False,
INF-E1E8C818CC2F,2025,IV. INFRACTIONS ÉCONOMIQUES,Abus de fonction,abus de fonction,0,0,2,0,2,0,0,0,0,4,2,0,0,0,2,2,2,8,0.0,1.0,0,False,
INF-2657935215E6,2025,IV. INFRACTIONS ÉCONOMIQUES,Extorsion de fonds,extorsion de fonds,8,0,5,0,7,5,0,0,0,17,6,0,1,12,13,12,19,42,0.9231,1.0,8,False,
INF-DCEA7B08EBD9,2025,IV. INFRACTIONS ÉCONOMIQUES,Blanchiment de capitaux,blanchiment de capitaux,0,0,1,0,1,0,0,0,0,1,1,0,0,0,1,1,1,3,0.0,1.0,0,False,
INF-8B6673BD791A,2025,IV. INFRACTIONS ÉCONOMIQUES,Destructions de bien d’autrui,destructions de bien d'autrui,71,1,4,0,49,28,0,0,0,95,9,4,6,38,76,77,57,248,0.5,1.0,71,False,
INF-4E6426597785,2025,IV. INFRACTIONS ÉCONOMIQUES,"Incendie criminel, volontaire",incendie criminel volontaire,1,0,0,0,1,1,0,0,0,3,0,1,0,2,1,2,3,6,2.0,1.0,1,False,
INF-47F8324B5C27,2025,IV. INFRACTIONS ÉCONOMIQUES,Emission de chèque sans provision,emission de cheque sans provision,6,0,4,0,7,1,0,0,0,7,5,0,11,10,10,8,26,25,1.0,1.0,6,False,
INF-FDF3191631B7,2025,IV. INFRACTIONS ÉCONOMIQUES,Non-exécution d’une décision judiciaire,non-execution d'une decision judiciaire,0,0,4,0,2,1,0,0,0,4,3,0,0,3,4,3,6,11,0.75,1.0,0,False,
INF-0405525CC522,2025,IV. INFRACTIONS ÉCONOMIQUES,Faux et usage de faux,faux et usage de faux,38,1,22,0,46,25,0,0,0,39,15,0,14,31,61,71,60,171,0.5082,1.0,38,False,
INF-0135A813413E,2025,IV. INFRACTIONS ÉCONOMIQUES,Trafic d’influence,trafic d'influence,0,0,1,0,2,0,0,0,0,5,0,0,0,1,1,2,1,8,1.0,1.0,0,False,
INF-5751C313C3A4,2025,IV. INFRACTIONS ÉCONOMIQUES,Abattage d’arbre,abattage d'arbre,0,0,1,0,1,0,0,0,0,0,0,0,0,1,1,1,1,2,1.0,1.0,0,False,
INF-2D0BE80548F9,2025,IV. INFRACTIONS ÉCONOMIQUES,Acte de concurrence déloyale,acte de concurrence deloyale,0,0,1,0,1,0,0,0,0,0,1,0,0,0,1,1,1,2,0.0,1.0,0,False,
INF-615E20A9E846,2025,IV. INFRACTIONS ÉCONOMIQUES,Détournement de fonds,detournement de fonds,2,0,1,0,3,0,0,0,0,2,1,0,0,2,3,3,3,8,0.6667,1.0,2,False,
INF-7C642A62E52F,2025,IV. INFRACTIONS ÉCONOMIQUES,Stellionat,stellionat,1,0,0,0,0,1,0,0,0,0,0,0,0,1,1,1,1,2,1.0,1.0,1,False,
INF-F32E24E0E495,2025,IV. INFRACTIONS ÉCONOMIQUES,Usurpation d’identité,usurpation d'identite,0,0,2,0,2,0,0,0,0,2,0,0,1,1,2,2,2,6,0.5,1.0,0,False,
INF-3DFE1D84345D,2025,V. LUTTE C/ LES STUPÉFIANTS ET SUBSTANCES PSYCHOTROPES,"Détention et consommation chanvre Indien, vente",detention et consommation chanvre indien vente,2,81,0,47,4,0,1,0,0,234,0,32,45,59,130,5,136,369,0.4538,1.0,2,False,
INF-5D37F7C370DB,2025,V. LUTTE C/ LES STUPÉFIANTS ET SUBSTANCES PSYCHOTROPES,Vente et injection d’héroïne,vente et injection d'heroine,0,14,0,3,0,0,0,0,0,28,0,0,3,25,17,0,28,45,1.4706,1.0,0,False,
INF-1D9339484A71,2025,V. LUTTE C/ LES STUPÉFIANTS ET SUBSTANCES PSYCHOTROPES,Trafic,trafic,1,0,0,0,1,0,0,0,0,0,0,1,0,0,1,1,1,2,0.0,1.0,1,False,
INF-F5BE2A96F018,2025,VI. ACCIDENTS DE LA CIRCULATION,Corporel,corporel,852,153,45,5,689,306,102,86,0,349,94,101,291,220,1055,1183,706,2587,0.2085,1.0,852,False,
INF-1988E1703827,2025,VI. ACCIDENTS DE LA CIRCULATION,Matériel,materiel,262,70,16,0,160,50,0,0,0,178,13,49,105,100,348,210,267,736,0.2874,1.0,262,False,
INF-061B3B106C1A,2025,VI. ACCIDENTS DE LA CIRCULATION,Mortel,mortel,69,18,0,0,64,21,10,7,0,68,10,3,1,69,87,102,83,257,0.7931,1.0,69,False,
INF-835D61871924,2025,VI. ACCIDENTS DE LA CIRCULATION,Délit de fuite,delit de fuite,4,0,0,0,2,0,0,0,0,0,0,2,2,0,4,2,4,6,0.0,1.0,4,False,
INF-38134F8447CB,2025,VI. ACCIDENTS DE LA CIRCULATION,Conduite en état d’ivresse,conduite en etat d'ivresse,12,5,0,0,4,0,0,0,0,0,2,11,0,0,17,4,13,21,0.0,1.0,12,False,
INF-346B459EAF1A,2025,VII. AUTRES,Découverte cadavre,decouverte cadavre,215,0,0,0,0,0,0,0,0,0,0,0,0,0,215,0,0,215,0.0,1.0,215,False,
INF-821A617504EE,2025,VII. AUTRES,Découverte fœtus,decouverte f tus,27,0,0,0,0,0,0,0,0,0,0,0,0,0,27,0,0,27,0.0,1.0,27,False,
INF-1A98C8596B10,2025,VII. AUTRES,Manifestations de foules,manifestations de foules,171,0,0,0,0,0,0,0,0,0,0,0,0,0,171,0,0,171,0.0,1.0,171,False,
INF-67FF06D94ACB,2025,VII. AUTRES,Incendie,incendie,88,0,0,0,0,0,0,0,0,0,0,0,0,0,88,0,0,88,0.0,1.0,88,False,
INF-BD4E46CD7F8F,2026-S1,I. C/ ÉTAT,Usurpation de fonction,usurpation de fonction,0,2,0,0,2,0,0,0,0,2,0,0,0,2,2,2,2,6,1.0,2.0,0,False,
INF-84A3E5D4CDAB,2026-S1,I. C/ ÉTAT,Usurpation d’Identité,usurpation d'identite,1,0,0,0,1,0,0,0,0,0,0,0,0,0,1,1,0,2,0.0,2.0,2,False,
INF-7CA01A2BA64E,2026-S1,I. C/ ÉTAT,Trouble à l’Ordre Public,trouble a l'ordre public,1,0,0,0,1,0,0,0,0,1,0,1,0,0,1,1,1,3,0.0,2.0,2,False,
INF-65E3FBCD4A45,2026-S1,I. C/ ÉTAT,Usurpation de titre,usurpation de titre,2,0,0,2,3,0,0,0,0,2,0,0,0,4,4,3,4,9,1.0,2.0,4,False,
INF-180976A545DC,2026-S1,II. CRIMINALITÉ ET ACTES DE BANDITISME,Vol avec violence avec arme à feu,vol avec violence avec arme a feu,4,5,0,2,10,3,0,0,9,22,0,0,0,20,11,13,20,55,1.8182,2.0,8,False,
INF-D812FCC39B85,2026-S1,II. CRIMINALITÉ ET ACTES DE BANDITISME,Vol avec violence avec arme blanche,vol avec violence avec arme blanche,55,14,0,6,49,23,0,1,7,63,10,0,3,59,75,73,72,218,0.7867,2.0,110,False,
INF-AA558D4313F6,2026-S1,II. CRIMINALITÉ ET ACTES DE BANDITISME,Association des malfaiteurs,association des malfaiteurs,131,89,9,0,139,78,0,0,0,1233,0,273,764,269,229,217,1306,1679,1.1747,2.0,262,False,
INF-A48E642842C5,2026-S1,II. CRIMINALITÉ ET ACTES DE BANDITISME,Meurtre,meurtre,44,0,0,0,1,1,0,0,0,3,1,0,2,0,44,2,3,49,0.0,2.0,88,False,
INF-8716759067B6,2026-S1,II. CRIMINALITÉ ET ACTES DE BANDITISME,VAMA,vama,2,0,0,0,1,0,0,0,2,0,2,0,0,0,2,1,2,5,0.0,2.0,4,False,
INF-234E6007EBA8,2026-S1,III. INFRACTIONS COURANTES,Vol avec effraction,vol avec effraction,637,104,58,55,383,432,0,0,0,210,44,17,73,110,854,815,244,1879,0.1288,2.0,1274,False,
INF-8F5B3C641D45,2026-S1,III. INFRACTIONS COURANTES,Vol à la tire,vol a la tire,306,115,7,0,170,197,27,34,0,408,5,81,165,158,428,428,409,1264,0.3692,2.0,612,False,
INF-69C1758F25A2,2026-S1,III. INFRACTIONS COURANTES,Vol à l’esbroufe,vol a l'esbroufe,62,35,0,0,59,37,0,0,0,77,2,5,0,67,97,96,74,270,0.6907,2.0,124,False,
INF-3B8690F56307,2026-S1,III. INFRACTIONS COURANTES,Tentative de Vol,tentative de vol,8,0,0,0,8,0,0,0,0,6,2,0,0,5,8,8,7,22,0.625,2.0,16,False,
INF-B4786968DF6E,2026-S1,III. INFRACTIONS COURANTES,Vol simple,vol simple,2779,583,187,116,1932,1552,163,158,2,1000,272,472,236,360,3665,3805,1340,8472,0.0982,2.0,5558,False,
INF-ECE50A1B70AC,2026-S1,III. INFRACTIONS COURANTES,Vol moto,vol moto,156,33,0,0,165,24,0,0,0,64,4,19,14,26,189,189,63,442,0.1376,2.0,312,False,
INF-F95D93281CA8,2026-S1,III. INFRACTIONS COURANTES,VVF,vvf,109,56,7,0,93,76,0,0,0,51,5,29,20,13,172,169,67,392,0.0756,2.0,218,False,
INF-7FD55CF8801E,2026-S1,III. INFRACTIONS COURANTES,Destruction de bien d’autrui,destruction de bien d'autrui,88,46,4,0,97,42,8,1,0,34,10,10,18,12,138,148,50,320,0.087,2.0,176,False,
INF-4577F40E1B5A,2026-S1,III. INFRACTIONS COURANTES,Violation de domicile,violation de domicile,38,30,0,0,20,48,0,0,0,96,2,19,49,21,68,68,91,232,0.3088,2.0,76,False,
INF-F0B5BBFC24EF,2026-S1,III. INFRACTIONS COURANTES,Outrage et diffamation publique,outrage et diffamation publique,62,42,0,0,67,36,1,0,0,61,2,6,23,31,104,104,62,269,0.2981,2.0,124,False,
INF-BB85BCE6CE70,2026-S1,III. INFRACTIONS COURANTES,Menace,menace,197,0,21,0,105,106,1,0,0,106,76,23,50,55,218,212,204,536,0.2523,2.0,394,False,
INF-C53C356D7B05,2026-S1,III. INFRACTIONS COURANTES,CBV,cbv,311,31,7,0,182,146,0,0,1,183,82,75,49,84,349,328,290,861,0.2407,2.0,622,False,
INF-FC43832A00EF,2026-S1,III. INFRACTIONS COURANTES,Non-exécution DJ,non-execution dj,2,0,2,0,3,3,0,0,0,12,1,0,0,2,4,6,3,22,0.5,2.0,4,False,
INF-15C37F8A0866,2026-S1,III. INFRACTIONS COURANTES,VAR,var,1,0,0,0,1,0,0,0,0,0,1,0,0,0,1,1,1,2,0.0,2.0,2,False,
INF-70A0C0A27DCE,2026-S1,III. INFRACTIONS COURANTES,VPE,vpe,18,1,0,0,11,7,0,0,0,6,8,2,0,7,19,18,17,43,0.3684,2.0,36,False,
INF-5006BD18FC75,2026-S1,III. INFRACTIONS COURANTES,VBG,vbg,1,0,0,0,0,1,0,0,0,0,1,0,0,0,1,1,1,2,0.0,2.0,2,False,
INF-85778478517F,2026-S1,III. INFRACTIONS COURANTES,FD de VOL,fd de vol,3,0,0,0,2,1,0,0,0,2,1,0,0,2,3,3,3,8,0.6667,2.0,6,False,
INF-E1F1C0648BAB,2026-S1,III. INFRACTIONS COURANTES,IVPM,ivpm,1,0,0,0,1,0,0,0,0,0,1,0,0,0,1,1,1,2,0.0,2.0,2,False,
INF-98424A795A28,2026-S1,III. INFRACTIONS COURANTES,AUTRES,autres,62,1,0,0,40,34,0,0,0,29,5,2,2,15,63,74,24,166,0.2381,2.0,124,False,
INF-8D1C504D6D4F,2026-S1,IV. INFRACTIONS ÉCONOMIQUES,Escroquerie,escroquerie,258,36,28,10,166,187,0,0,0,185,83,42,59,81,332,353,265,870,0.244,2.0,516,False,
INF-0C10B15705D8,2026-S1,IV. INFRACTIONS ÉCONOMIQUES,ABC,abc,444,59,44,5,262,275,0,2,0,322,97,83,67,146,552,539,393,1413,0.2645,2.0,888,False,
INF-5E46EE891DAD,2026-S1,IV. INFRACTIONS ÉCONOMIQUES,Extorsion de fonds,extorsion de fonds,0,0,1,0,0,2,0,0,0,2,0,0,1,0,1,2,1,5,0.0,2.0,0,False,
INF-3C121BC9A828,2026-S1,IV. INFRACTIONS ÉCONOMIQUES,Emission de chèque sans provision,emission de cheque sans provision,0,0,0,0,0,0,0,0,0,0,0,0,0,0,0,0,0,0,0.0,2.0,0,False,
INF-88E97DEB2C99,2026-S1,IV. INFRACTIONS ÉCONOMIQUES,Destruction de bien d’autrui,destruction de bien d'autrui,20,0,0,0,13,7,0,0,0,5,3,1,3,5,20,20,12,45,0.25,2.0,40,False,
INF-409D47D80C5D,2026-S1,IV. INFRACTIONS ÉCONOMIQUES,Abattage d’arbre illicite,abattage d'arbre illicite,2,0,0,0,2,0,0,0,0,1,0,0,1,0,2,2,1,5,0.0,2.0,4,False,
INF-61BEDD2F69B5,2026-S1,IV. INFRACTIONS ÉCONOMIQUES,Faux et usage de faux,faux et usage de faux,2,0,1,0,0,3,0,0,0,0,3,0,0,0,3,3,3,6,0.0,2.0,4,False,
INF-87DB9005BBDB,2026-S1,IV. INFRACTIONS ÉCONOMIQUES,Stellionat,stellionat,1,0,0,0,0,1,0,0,0,0,1,0,0,0,1,1,1,2,0.0,2.0,2,False,
INF-606CC8CFB77E,2026-S1,IV. INFRACTIONS ÉCONOMIQUES,Usurpation d’identité,usurpation d'identite,2,0,2,0,3,1,0,0,0,3,2,0,0,1,4,4,3,11,0.25,2.0,4,False,
INF-CC52230795F4,2026-S1,IV. INFRACTIONS ÉCONOMIQUES,Usurpation de qualité,usurpation de qualite,0,0,1,0,0,1,0,0,0,0,1,0,0,0,1,1,1,2,0.0,2.0,0,False,
INF-5FCA04AD3E87,2026-S1,V. LUTTE C/ LES STUPÉFIANTS ET SUBSTANCES PSYCHOTROPES,Détention et consommation chanvre Indien,detention et consommation chanvre indien,10,76,0,0,6,1,0,0,0,159,2,92,34,27,86,7,155,252,0.314,2.0,20,False,
INF-58A88BAE600C,2026-S1,V. LUTTE C/ LES STUPÉFIANTS ET SUBSTANCES PSYCHOTROPES,Vente,vente,2,1,0,0,3,0,0,0,0,3,0,0,0,1,3,3,1,9,0.3333,2.0,4,False,
INF-3DAE8FD8BF62,2026-S1,V. LUTTE C/ LES STUPÉFIANTS ET SUBSTANCES PSYCHOTROPES,Injection et détention d’héroïne,injection et detention d'heroine,0,19,0,0,0,0,0,0,0,30,0,0,12,21,19,0,33,49,1.1053,2.0,0,False,
INF-5A550EF2237C,2026-S1,VI. ACCIDENTS DE LA CIRCULATION,Corporel,corporel,445,277,0,6,228,95,56,28,0,69,46,20,77,30,728,407,173,1204,0.0412,2.0,890,False,
INF-9DF02A95F703,2026-S1,VI. ACCIDENTS DE LA CIRCULATION,Matériel,materiel,131,110,0,0,106,20,0,0,0,130,10,8,35,93,241,126,146,497,0.3859,2.0,262,False,
INF-AA1FDC12A9D8,2026-S1,VI. ACCIDENTS DE LA CIRCULATION,Mortel,mortel,43,25,0,0,38,12,10,5,0,52,6,2,0,51,68,65,59,185,0.75,2.0,86,False,
INF-C21D9BCC7892,2026-S1,VI. ACCIDENTS DE LA CIRCULATION,Délit de fuite,delit de fuite,13,2,0,0,11,0,0,0,0,0,6,3,0,3,15,11,12,26,0.2,2.0,26,False,
INF-3E0049089B8C,2026-S1,VI. ACCIDENTS DE LA CIRCULATION,Conduite en état d’ivresse,conduite en etat d'ivresse,4,26,0,0,17,9,2,0,0,0,0,2,0,1,30,28,3,58,0.0333,2.0,8,False,
INF-2990A4320DB3,2026-S1,VII. AUTRES,Découverte cadavre,decouverte cadavre,120,0,0,0,0,0,0,0,0,0,0,0,0,0,120,0,0,120,0.0,2.0,240,False,
INF-F8B774198A24,2026-S1,VII. AUTRES,Découverte fœtus,decouverte f tus,12,0,0,0,0,0,0,0,0,0,0,0,0,0,12,0,0,12,0.0,2.0,24,False,
INF-234CCCA60168,2026-S1,VII. AUTRES,Manifestations de foules,manifestations de foules,70,0,0,0,0,0,0,0,0,0,0,0,0,0,70,0,0,70,0.0,2.0,140,False,
INF-FC47006B15AE,2026-S1,VII. AUTRES,Incendie,incendie,45,0,0,0,0,0,0,0,0,0,0,0,0,0,45,0,0,45,0.0,2.0,90,False,
INF-E275353AC161,2026-S1,VII. AUTRES,Détournement de mineur,detournement de mineur,0,0,0,0,0,1,0,1,0,0,1,0,0,0,0,2,1,2,0.0,2.0,0,False,
