Annee;Categorie;Infraction_Affaire_traitee;Infraction_normalisee;Saisine_Plaintes_directes;Saisine_FD;Saisine_ST;Saisine_Autres;Victimes_H;Victimes_F;Victimes_G;Victimes_F_fille;MiseEnCause_Neutralises;MiseEnCause_Interpelles;Resultats_En_cours;Resultats_Retraits;Resultats_DAT;Resultats_DEF;Observations_Objets_saisis
2024;I. C/ ÉTAT;Vol de téléphone;vol de telephone;37;0;0;0;21;13;0;0;0;0;27;0;0;1;
2024;II. CRIMINALITÉ ET ACTES DE BANDITISME;Association de malfaiteurs;association de malfaiteurs;23;0;0;0;21;2;0;0;4;40;0;0;0;20;03 H MD
2024;II. CRIMINALITÉ ET ACTES DE BANDITISME;Vol  avec violence;vol avec violence;107;0;7;2;36;7;2;0;0;23;53;0;0;16;
2024;II. CRIMINALITÉ ET ACTES DE BANDITISME;Vol à main armée;vol a main armee;21;0;0;0;17;0;0;0;19;13;19;0;0;1;
2024;III. INFRACTIONS COURANTES;Violation de domicile;violation de domicile;27;1;5;3;25;16;0;0;0;123;4;10;5;5;
2024;III. INFRACTIONS COURANTES;Résistance à l’exécution des décisions des juridictions;resistance a l’execution des decisions des juridictions;1;0;27;0;17;17;0;0;0;8;13;0;1;14;
2024;III. INFRACTIONS COURANTES;Injures;injures;1;0;0;0;1;0;0;0;0;0;1;0;0;0;
2024;III. INFRACTIONS COURANTES;Usurpation;usurpation;14;0;0;4;6;0;0;0;0;1;8;4;5;1;
2024;III. INFRACTIONS COURANTES;Menace verbal de mort;menace verbal de mort;7;0;23;0;16;14;0;0;0;0;6;0;4;20;
2024;III. INFRACTIONS COURANTES;Menace sans condition;menace sans condition;496;0;21;0;167;83;0;0;0;126;285;54;35;28;
2024;III. INFRACTIONS COURANTES;Diffamation publique;diffamation publique;5;0;3;0;4;7;0;0;0;1;5;0;2;5;
2024;III. INFRACTIONS COURANTES;Coups et blessures volontaires;coups et blessures volontaires;867;1;122;0;383;216;0;0;0;92;347;867;1;122;02 H LP- 01 F MD, 02 F LP
2024;III. INFRACTIONS COURANTES;Tentative de vol;tentative de vol;74;0;2;13;62;11;0;0;0;39;25;25;10;5;01 H MD
2024;III. INFRACTIONS COURANTES;Vol simple;vol simple;5223;86;62;343;2121;1153;101;78;0;1164;2232;3946;224;199;03 H MD – 11 LP 06H -05F
2024;III. INFRACTIONS COURANTES;Vol avec effraction;vol avec effraction;776;0;4;0;108;27;0;0;0;163;273;776;0;4;12 H MD, 01H LP
2024;III. INFRACTIONS COURANTES;Vol au préjudice de l’employeur;vol au prejudice de l’employeur;11;0;2;0;11;2;0;0;0;25;8;0;1;5;
2024;III. INFRACTIONS COURANTES;Vol à la tire;vol a la tire;160;22;0;0;74;21;0;0;0;26;92;160;22;0;07 H MD, 02H LP
2024;III. INFRACTIONS COURANTES;Vol de bovidé;vol de bovide;1;0;0;0;1;0;0;0;0;0;0;0;0;1;
2024;III. INFRACTIONS COURANTES;VBG;vbg;0;0;1;0;0;1;0;0;0;0;1;0;0;0;
2024;III. INFRACTIONS COURANTES;Vol à l’esbroufe;vol a l’esbroufe;11;2;0;0;0;0;0;0;0;5;6;11;2;0;
2024;III. INFRACTIONS COURANTES;VAE;vae;259;0;0;56;136;24;3;0;0;117;85;12;23;13;
2024;III. INFRACTIONS COURANTES;VVF;vvf;16;0;12;9;8;0;0;0;0;1;2;3;4;11;
2024;III. INFRACTIONS COURANTES;VPE;vpe;11;0;0;0;4;1;0;0;0;1;0;5;0;2;
2024;III. INFRACTIONS COURANTES;CBV;cbv;306;0;28;57;208;46;0;0;0;69;89;58;51;54;
2024;III. INFRACTIONS COURANTES;Menace;menace;10;0;0;0;6;0;0;0;0;0;0;4;0;1;
2024;III. INFRACTIONS COURANTES;Outrages;outrages;1;0;0;1;0;0;0;0;0;6;2;0;0;2;
2024;III. INFRACTIONS COURANTES;Escroquerie;escroquerie;1282;3;159;7;531;381;0;0;0;908;632;132;59;182;04 H MD, 02 H LP, 03 F MD, 01 F LP
2024;III. INFRACTIONS COURANTES;ECSP;ecsp;7;0;67;0;65;13;0;0;0;147;0;0;67;1;
2024;III. INFRACTIONS COURANTES;Faux et usage de faux;faux et usage de faux;3;0;17;0;15;9;0;0;0;60;11;0;2;9;
2024;III. INFRACTIONS COURANTES;Acte de concurrence déloyale;acte de concurrence deloyale;1;0;0;0;1;0;0;0;0;0;0;0;0;1;
2024;III. INFRACTIONS COURANTES;Corruption et abus de fonction;corruption et abus de fonction;0;0;1;0;1;0;0;0;0;0;1;0;0;0;
2024;III. INFRACTIONS COURANTES;Abus de confiance;abus de confiance;1357;5;411;10;735;404;0;0;0;542;621;20;112;375;01 H MD, 03 H LP, 02 F LP
2024;III. INFRACTIONS COURANTES;Destructions de biens d’autrui;destructions de biens d’autrui;143;0;22;4;78;39;0;0;0;43;49;0;21;37;01 H MD
2024;III. INFRACTIONS COURANTES;Détournement de gages;detournement de gages;1;0;0;0;1;0;0;0;0;2;0;0;0;1;
2024;III. INFRACTIONS COURANTES;Confiscation  des biens;confiscation des biens;1;0;0;0;1;0;0;0;0;0;1;0;0;0;
2024;III. INFRACTIONS COURANTES;Destruction de clôtures;destruction de clotures;0;0;3;0;3;0;0;0;0;0;0;0;0;3;
2024;III. INFRACTIONS COURANTES;Harcèlement moral;harcelement moral;0;0;1;0;1;0;0;0;0;0;1;0;0;0;
2024;III. INFRACTIONS COURANTES;Incendie criminel, volontaire;incendie criminel, volontaire;8;0;0;2;2;4;0;0;0;6;1;0;1;0;
2024;III. INFRACTIONS COURANTES;Abattages d’arbres;abattages d’arbres;1;0;9;0;10;0;0;0;0;0;2;0;0;8;
2024;V. LUTTE C/ LES STUPÉFIANTS ET SUBSTANCES PSYCHOTROPES;Consommation;consommation;73;129;0;42;20;0;0;0;0;237;3;0;6;144;02H MD
2024;V. LUTTE C/ LES STUPÉFIANTS ET SUBSTANCES PSYCHOTROPES;Vente;vente;6;2;0;0;0;0;0;0;2;6;0;0;0;4;
2024;VI. ACCIDENTS DE LA CIRCULATION;Accident corporel;accident corporel;335;339;45;0;439;98;69;19;77;133;325;99;86;134;
2024;VI. ACCIDENTS DE LA CIRCULATION;Accident matériel;accident materiel;46;0;0;3;42;1;0;0;0;0;2;18;4;0;
2024;VI. ACCIDENTS DE LA CIRCULATION;Accident mortel;accident mortel;14;1;0;0;11;1;0;0;0;6;2;3;3;5;
2024;VI. ACCIDENTS DE LA CIRCULATION;Délit de fuite;delit de fuite;2;0;2;0;2;0;0;0;0;0;3;2;0;1;
2024;VI. ACCIDENTS DE LA CIRCULATION;Conduite en état d’ivresse;conduite en etat d’ivresse;5;0;0;0;0;0;0;0;0;1;1;4;0;0;
2024;VI. ACCIDENTS DE LA CIRCULATION;CSP Itaosy;csp itaosy;9;0;1;0;6;4;0;0;5;4;2;0;0;6;
2025;I. C/ ÉTAT;;;0;0;0;2;0;0;0;0;0;2;0;0;0;2;
2025;II. CRIMINALITÉ ET ACTES DE BANDITISME;Vol Avec Violence;vol avec violence;19;9;0;0;21;8;0;0;16;72;0;0;0;62;
2025;II. CRIMINALITÉ ET ACTES DE BANDITISME;Vol Avec Arme Blanche;vol avec arme blanche;53;13;5;0;35;37;0;0;17;99;0;2;7;77;
2025;II. CRIMINALITÉ ET ACTES DE BANDITISME;Association Malfaiteur;association malfaiteur;91;82;23;0;98;75;11;29;2;716;3;75;299;405;
2025;II. CRIMINALITÉ ET ACTES DE BANDITISME;Menace avec arme à feu;menace avec arme a feu;1;0;0;0;1;0;0;0;0;0;0;0;0;1;
2025;II. CRIMINALITÉ ET ACTES DE BANDITISME;Violation de sépulture et vol d’ossement humain;violation de sepulture et vol d’ossement humain;2;0;0;0;0;0;0;0;0;0;2;0;0;0;
2025;II. CRIMINALITÉ ET ACTES DE BANDITISME;Vol à main armée;vol a main armee;18;2;0;2;13;6;0;0;0;6;7;0;0;4;
2025;II. CRIMINALITÉ ET ACTES DE BANDITISME;Meurtre;meurtre;2;1;0;0;2;1;0;0;0;0;0;0;0;2;
2025;III. INFRACTIONS COURANTES;Vol avec effraction;vol avec effraction;1296;91;70;34;502;465;12;0;1;396;62;43;109;239;
2025;III. INFRACTIONS COURANTES;Vol à la tire;vol a la tire;779;206;12;13;204;403;49;50;1;603;33;85;151;323;
2025;III. INFRACTIONS COURANTES;Vol à l’esbroufe;vol a l’esbroufe;51;20;0;2;16;22;11;3;0;54;1;0;4;49;
2025;III. INFRACTIONS COURANTES;Vol simple;vol simple;6111;389;153;44;1979;1930;244;273;0;1775;404;274;549;773;
2025;III. INFRACTIONS COURANTES;Vol moto;vol moto;119;21;8;0;60;27;0;0;0;59;10;0;8;46;
2025;III. INFRACTIONS COURANTES;VVF;vvf;131;7;29;0;58;747;0;0;0;69;7;10;33;45;
2025;III. INFRACTIONS COURANTES;Vol au préjudice de son employeur;vol au prejudice de son employeur;37;0;10;0;31;16;0;0;0;0;20;0;0;29;
2025;III. INFRACTIONS COURANTES;Destruction de bien d’autrui;destruction de bien d’autrui;100;36;3;0;97;32;1;1;0;80;4;30;21;29;
2025;III. INFRACTIONS COURANTES;VBG;vbg;4;0;1;0;1;4;0;0;0;0;5;0;0;0;
2025;III. INFRACTIONS COURANTES;Violation de domicile;violation de domicile;39;16;3;0;19;26;0;0;0;67;2;28;1;14;
2025;III. INFRACTIONS COURANTES;Tentative de vol;tentative de vol;34;0;0;0;26;22;0;0;0;11;5;0;4;8;
2025;III. INFRACTIONS COURANTES;Outrage et diffamation publique;outrage et diffamation publique;52;12;4;0;35;20;0;0;0;72;9;17;18;15;
2025;III. INFRACTIONS COURANTES;Jet d’immondice;jet d’immondice;2;0;0;0;2;0;0;0;0;0;0;0;0;2;
2025;III. INFRACTIONS COURANTES;Menace;menace;459;6;57;4;241;205;12;0;0;165;59;42;59;152;
2025;III. INFRACTIONS COURANTES;CBV;cbv;494;25;30;24;268;214;0;3;16;40;65;70;77;98;
2025;III. INFRACTIONS COURANTES;Autres;autres;253;2;2;4;138;135;0;0;0;85;39;27;7;46;
2025;III. INFRACTIONS COURANTES;Non-exécution DJ;non-execution dj;9;0;7;0;5;4;0;0;0;23;121;0;0;9;
2025;III. INFRACTIONS COURANTES;Usurpation;usurpation;11;0;0;0;10;1;0;0;0;14;0;0;0;4;
2025;IV. INFRACTIONS ÉCONOMIQUES;Escroquerie;escroquerie;997;40;163;78;573;519;45;71;0;396;135;40;226;288;
2025;IV. INFRACTIONS ÉCONOMIQUES;ABC;abc;1123;31;226;24;643;471;16;9;0;432;142;85;200;261;
2025;IV. INFRACTIONS ÉCONOMIQUES;Abus de fonction;abus de fonction;0;0;2;0;2;0;0;0;0;4;2;0;0;0;
2025;IV. INFRACTIONS ÉCONOMIQUES;Extorsion de fonds;extorsion de fonds;8;0;5;0;7;5;0;0;0;17;6;0;1;12;
2025;IV. INFRACTIONS ÉCONOMIQUES;Blanchiment de capitaux;blanchiment de capitaux;0;0;1;0;1;0;0;0;0;1;1;0;0;0;
2025;IV. INFRACTIONS ÉCONOMIQUES;Destructions de bien d’autrui;destructions de bien d’autrui;71;1;4;0;49;28;0;0;0;95;9;4;6;38;
2025;IV. INFRACTIONS ÉCONOMIQUES;Incendie criminel, volontaire;incendie criminel, volontaire;1;0;0;0;1;1;0;0;0;3;0;1;0;2;
2025;IV. INFRACTIONS ÉCONOMIQUES;Emission de chèque sans provision;emission de cheque sans provision;6;0;4;0;7;1;0;0;0;7;5;0;11;10;
2025;IV. INFRACTIONS ÉCONOMIQUES;Non-exécution d’une décision judiciaire;non-execution d’une decision judiciaire;0;0;4;0;2;1;0;0;0;4;3;0;0;3;
2025;IV. INFRACTIONS ÉCONOMIQUES;Faux et usage de faux;faux et usage de faux;38;1;22;0;46;25;0;0;0;39;15;0;14;31;
2025;IV. INFRACTIONS ÉCONOMIQUES;Trafic d’influence;trafic d’influence;0;0;1;0;2;0;0;0;0;5;0;0;0;1;
2025;IV. INFRACTIONS ÉCONOMIQUES;Abattage d’arbre;abattage d’arbre;0;0;1;0;1;0;0;0;0;0;0;0;0;1;
2025;IV. INFRACTIONS ÉCONOMIQUES;Acte de concurrence déloyale;acte de concurrence deloyale;0;0;1;0;1;0;0;0;0;0;1;0;0;0;
2025;IV. INFRACTIONS ÉCONOMIQUES;Détournement de fonds;detournement de fonds;2;0;1;0;3;0;0;0;0;2;1;0;0;2;
2025;IV. INFRACTIONS ÉCONOMIQUES;Stellionat;stellionat;1;0;0;0;0;1;0;0;0;0;0;0;0;1;
2025;IV. INFRACTIONS ÉCONOMIQUES;Usurpation d’identité;usurpation d’identite;0;0;2;0;2;0;0;0;0;2;0;0;1;1;
2025;V. LUTTE C/ LES STUPÉFIANTS ET SUBSTANCES PSYCHOTROPES;Détention et consommation chanvre Indien, vente;detention et consommation chanvre indien, vente;2;81;0;47;4;0;1;0;0;234;0;32;45;59;
2025;V. LUTTE C/ LES STUPÉFIANTS ET SUBSTANCES PSYCHOTROPES;Vente et injection d’héroïne;vente et injection d’heroine;0;14;0;3;0;0;0;0;0;28;0;0;3;25;
2025;V. LUTTE C/ LES STUPÉFIANTS ET SUBSTANCES PSYCHOTROPES;Trafic;trafic;1;0;0;0;1;0;0;0;0;0;0;1;0;0;
2025;VI. ACCIDENTS DE LA CIRCULATION;Corporel;corporel;852;153;45;5;689;306;102;86;0;349;94;101;291;220;
2025;VI. ACCIDENTS DE LA CIRCULATION;Matériel;materiel;262;70;16;0;160;50;0;0;0;178;13;49;105;100;
2025;VI. ACCIDENTS DE LA CIRCULATION;Mortel;mortel;69;18;0;0;64;21;10;7;0;68;10;3;1;69;
2025;VI. ACCIDENTS DE LA CIRCULATION;Délit de fuite;delit de fuite;4;0;0;0;2;0;0;0;0;0;0;2;2;0;
2025;VI. ACCIDENTS DE LA CIRCULATION;Conduite en état d’ivresse;conduite en etat d’ivresse;12;5;0;0;4;0;0;0;0;0;2;11;0;0;
2025;VII. AUTRES;Découverte cadavre;decouverte cadavre;215;0;0;0;0;0;0;0;0;0;0;0;0;0;
2025;VII. AUTRES;Découverte fœtus;decouverte fœtus;27;0;0;0;0;0;0;0;0;0;0;0;0;0;
2025;VII. AUTRES;Manifestations de foules;manifestations de foules;171;0;0;0;0;0;0;0;0;0;0;0;0;0;
2025;VII. AUTRES;Incendie;incendie;88;0;0;0;0;0;0;0;0;0;0;0;0;0;
2026-S1;I. C/ ÉTAT;Usurpation de fonction;usurpation de fonction;0;2;0;0;2;0;0;0;0;2;0;0;0;2;
2026-S1;I. C/ ÉTAT;Usurpation d’Identité;usurpation d’identite;1;0;0;0;1;0;0;0;0;0;0;0;0;0;
2026-S1;I. C/ ÉTAT;Trouble à l’Ordre Public;trouble a l’ordre public;1;0;0;0;1;0;0;0;0;1;0;1;0;0;
2026-S1;I. C/ ÉTAT;Usurpation de titre;usurpation de titre;2;0;0;2;3;0;0;0;0;2;0;0;0;4;
2026-S1;II. CRIMINALITÉ ET ACTES DE BANDITISME;Vol avec violence avec arme à feu;vol avec violence avec arme a feu;4;5;0;2;10;3;0;0;9;22;0;0;0;20;
2026-S1;II. CRIMINALITÉ ET ACTES DE BANDITISME;Vol avec violence avec arme blanche;vol avec violence avec arme blanche;55;14;0;6;49;23;0;1;7;63;10;0;3;59;
2026-S1;II. CRIMINALITÉ ET ACTES DE BANDITISME;Association des malfaiteurs;association des malfaiteurs;131;89;9;0;139;78;0;0;0;1233;0;273;764;269;
2026-S1;II. CRIMINALITÉ ET ACTES DE BANDITISME;Meurtre;meurtre;44;0;0;0;1;1;0;0;0;3;1;0;2;0;
2026-S1;II. CRIMINALITÉ ET ACTES DE BANDITISME;VAMA;vama;2;0;0;0;1;0;0;0;2;0;2;0;0;0;
2026-S1;III. INFRACTIONS COURANTES;Vol avec effraction;vol avec effraction;637;104;58;55;383;432;0;0;0;210;44;17;73;110;
2026-S1;III. INFRACTIONS COURANTES;Vol à la tire;vol a la tire;306;115;7;0;170;197;27;34;0;408;5;81;165;158;
2026-S1;III. INFRACTIONS COURANTES;Vol à l’esbroufe;vol a l’esbroufe;62;35;0;0;59;37;0;0;0;77;2;5;0;67;
2026-S1;III. INFRACTIONS COURANTES;Tentative de Vol;tentative de vol;8;0;0;0;8;0;0;0;0;6;2;0;0;5;
2026-S1;III. INFRACTIONS COURANTES;Vol simple;vol simple;2779;583;187;116;1932;1552;163;158;2;1000;272;472;236;360;
2026-S1;III. INFRACTIONS COURANTES;Vol moto;vol moto;156;33;0;0;165;24;0;0;0;64;4;19;14;26;
2026-S1;III. INFRACTIONS COURANTES;VVF;vvf;109;56;7;0;93;76;0;0;0;51;5;29;20;13;
2026-S1;III. INFRACTIONS COURANTES;Destruction de bien d’autrui;destruction de bien d’autrui;88;46;4;0;97;42;8;1;0;34;10;10;18;12;
2026-S1;III. INFRACTIONS COURANTES;Violation de domicile;violation de domicile;38;30;0;0;20;48;0;0;0;96;2;19;49;21;
2026-S1;III. INFRACTIONS COURANTES;Outrage et diffamation publique;outrage et diffamation publique;62;42;0;0;67;36;1;0;0;61;2;6;23;31;
2026-S1;III. INFRACTIONS COURANTES;Menace;menace;197;0;21;0;105;106;1;0;0;106;76;23;50;55;
2026-S1;III. INFRACTIONS COURANTES;CBV;cbv;311;31;7;0;182;146;0;0;1;183;82;75;49;84;
2026-S1;III. INFRACTIONS COURANTES;Non-exécution DJ;non-execution dj;2;0;2;0;3;3;0;0;0;12;1;0;0;2;
2026-S1;III. INFRACTIONS COURANTES;VAR;var;1;0;0;0;1;0;0;0;0;0;1;0;0;0;
2026-S1;III. INFRACTIONS COURANTES;VPE;vpe;18;1;0;0;11;7;0;0;0;6;8;2;0;7;
2026-S1;III. INFRACTIONS COURANTES;VBG;vbg;1;0;0;0;0;1;0;0;0;0;1;0;0;0;
2026-S1;III. INFRACTIONS COURANTES;FD de VOL;fd de vol;3;0;0;0;2;1;0;0;0;2;1;0;0;2;
2026-S1;III. INFRACTIONS COURANTES;IVPM;ivpm;1;0;0;0;1;0;0;0;0;0;1;0;0;0;
2026-S1;III. INFRACTIONS COURANTES;AUTRES;autres;62;1;0;0;40;34;0;0;0;29;5;2;2;15;
2026-S1;IV. INFRACTIONS ÉCONOMIQUES;Escroquerie;escroquerie;258;36;28;10;166;187;0;0;0;185;83;42;59;81;
2026-S1;IV. INFRACTIONS ÉCONOMIQUES;ABC;abc;444;59;44;5;262;275;0;2;0;322;97;83;67;146;
2026-S1;IV. INFRACTIONS ÉCONOMIQUES;Extorsion de fonds;extorsion de fonds;0;0;1;0;0;2;0;0;0;2;0;0;1;0;
2026-S1;IV. INFRACTIONS ÉCONOMIQUES;Emission de chèque sans provision;emission de cheque sans provision;0;0;0;0;0;0;0;0;0;0;0;0;0;0;
2026-S1;IV. INFRACTIONS ÉCONOMIQUES;Destruction de bien d’autrui;destruction de bien d’autrui;20;0;0;0;13;7;0;0;0;5;3;1;3;5;
2026-S1;IV. INFRACTIONS ÉCONOMIQUES;Abattage d’arbre illicite;abattage d’arbre illicite;2;0;0;0;2;0;0;0;0;1;0;0;1;0;
2026-S1;IV. INFRACTIONS ÉCONOMIQUES;Faux et usage de faux;faux et usage de faux;2;0;1;0;0;3;0;0;0;0;3;0;0;0;
2026-S1;IV. INFRACTIONS ÉCONOMIQUES;Stellionat;stellionat;1;0;0;0;0;1;0;0;0;0;1;0;0;0;
2026-S1;IV. INFRACTIONS ÉCONOMIQUES;Usurpation d’identité;usurpation d’identite;2;0;2;0;3;1;0;0;0;3;2;0;0;1;
2026-S1;IV. INFRACTIONS ÉCONOMIQUES;Usurpation de qualité;usurpation de qualite;0;0;1;0;0;1;0;0;0;0;1;0;0;0;
2026-S1;V. LUTTE C/ LES STUPÉFIANTS ET SUBSTANCES PSYCHOTROPES;Détention et consommation chanvre Indien;detention et consommation chanvre indien;10;76;0;0;6;1;0;0;0;159;2;92;34;27;
2026-S1;V. LUTTE C/ LES STUPÉFIANTS ET SUBSTANCES PSYCHOTROPES;Vente;vente;2;1;0;0;3;0;0;0;0;3;0;0;0;1;
2026-S1;V. LUTTE C/ LES STUPÉFIANTS ET SUBSTANCES PSYCHOTROPES;Injection et détention d’héroïne;injection et detention d’heroine;0;19;0;0;0;0;0;0;0;30;0;0;12;21;
2026-S1;VI. ACCIDENTS DE LA CIRCULATION;Corporel;corporel;445;277;0;6;228;95;56;28;0;69;46;20;77;30;
2026-S1;VI. ACCIDENTS DE LA CIRCULATION;Matériel;materiel;131;110;0;0;106;20;0;0;0;130;10;8;35;93;
2026-S1;VI. ACCIDENTS DE LA CIRCULATION;Mortel;mortel;43;25;0;0;38;12;10;5;0;52;6;2;0;51;
2026-S1;VI. ACCIDENTS DE LA CIRCULATION;Délit de fuite;delit de fuite;13;2;0;0;11;0;0;0;0;0;6;3;0;3;
2026-S1;VI. ACCIDENTS DE LA CIRCULATION;Conduite en état d’ivresse;conduite en etat d’ivresse;4;26;0;0;17;9;2;0;0;0;0;2;0;1;
2026-S1;VII. AUTRES;Découverte cadavre;decouverte cadavre;120;0;0;0;0;0;0;0;0;0;0;0;0;0;
2026-S1;VII. AUTRES;Découverte fœtus;decouverte fœtus;12;0;0;0;0;0;0;0;0;0;0;0;0;0;
2026-S1;VII. AUTRES;Manifestations de foules;manifestations de foules;70;0;0;0;0;0;0;0;0;0;0;0;0;0;
2026-S1;VII. AUTRES;Incendie;incendie;45;0;0;0;0;0;0;0;0;0;0;0;0;0;
2026-S1;VII. AUTRES;Détournement de mineur;detournement de mineur;0;0;0;0;0;1;0;1;0;0;1;0;0;0;
